id,offspring_year,offspring_age_class,n_offspring,parent_type,parent_year,parent_age_class
NA,11,A,54,dam,NA,NA
NA,12,A,36,dam,NA,NA
NA,12,0y,622,dam,NA,NA
NA,13,A,66,dam,NA,NA
NA,13,0y,772,dam,NA,NA
NA,13,1y,744,dam,NA,NA
NA,14,A,102,dam,NA,NA
NA,14,0y,1047,dam,NA,NA
NA,14,1y,426,dam,NA,NA
NA,14,2pp,11,dam,NA,NA
NA,14,2y,155,dam,NA,NA
NA,15,A,80,dam,NA,NA
NA,15,0y,1580,dam,NA,NA
NA,15,1y,343,dam,NA,NA
NA,15,2y,105,dam,NA,NA
NA,16,A,103,dam,NA,NA
NA,16,0y,1146,dam,NA,NA
NA,16,1y,278,dam,NA,NA
NA,16,2y,29,dam,NA,NA
NA,16,3y,32,dam,NA,NA
NA,17,A,91,dam,NA,NA
NA,17,0y,1541,dam,NA,NA
NA,17,1y,381,dam,NA,NA
NA,17,2y,72,dam,NA,NA
NA,17,3y,7,dam,NA,NA
NA,18,A,97,dam,NA,NA
NA,18,0y,887,dam,NA,NA
NA,18,1y,546,dam,NA,NA
NA,18,2-3y,127,dam,NA,NA
NA,19,0y,1227,dam,NA,NA
NA,19,1y,242,dam,NA,NA
NA,19,2-3y,242,dam,NA,NA
Uts_11A_37,14,A,8,dam,11,A
Uts_11A_37,14,2y,2,dam,11,A
Uts_11A_37,15,A,1,dam,11,A
Uts_11A_37,16,A,4,dam,11,A
Uts_11A_37,17,A,2,dam,11,A
Uts_11A_37,12,0y,28,dam,11,A
Uts_11A_37,13,0y,1,dam,11,A
Uts_11A_37,13,1y,20,dam,11,A
Uts_11A_53,16,A,2,dam,11,A
Uts_11A_53,18,A,1,dam,11,A
Uts_11A_53,12,0y,34,dam,11,A
Uts_11A_53,13,1y,24,dam,11,A
Uts_11A_53,14,2y,4,dam,11,A
Uts_11A_29,16,A,2,dam,11,A
Uts_11A_29,12,0y,24,dam,11,A
Uts_11A_29,13,1y,28,dam,11,A
Uts_11A_29,14,2y,1,dam,11,A
Uts_11A_22,16,A,1,dam,11,A
Uts_11A_22,16,0y,277,dam,11,A
Uts_11A_22,16,2y,1,dam,11,A
Uts_11A_22,16,3y,1,dam,11,A
Uts_11A_22,12,0y,19,dam,11,A
Uts_11A_22,13,1y,12,dam,11,A
Uts_11A_22,14,0y,68,dam,11,A
Uts_11A_22,14,2y,1,dam,11,A
Uts_11A_22,15,1y,20,dam,11,A
Uts_11A_22,17,1y,45,dam,11,A
Uts_11A_22,17,2y,1,dam,11,A
Uts_11A_22,18,0y,109,dam,11,A
Uts_11A_22,18,1y,1,dam,11,A
Uts_11A_22,18,2-3y,13,dam,11,A
Uts_11A_22,19,1y,10,dam,11,A
Uts_11A_22,19,2-3y,2,dam,11,A
Uts_13A_065,16,A,1,dam,13,A
Uts_13A_065,16,3y,3,dam,13,A
Uts_13A_065,17,A,1,dam,13,A
Uts_13A_065,18,A,5,dam,13,A
Uts_13A_065,12,0y,13,dam,13,A
Uts_13A_065,13,1y,18,dam,13,A
Uts_13A_065,14,0y,179,dam,13,A
Uts_13A_065,14,2y,2,dam,13,A
Uts_13A_065,15,1y,52,dam,13,A
Uts_13A_065,15,2y,1,dam,13,A
Uts_11A_39,16,A,1,dam,11,A
Uts_11A_39,17,A,1,dam,11,A
Uts_11A_39,12,0y,23,dam,11,A
Uts_11A_39,13,0y,2,dam,11,A
Uts_11A_39,13,1y,12,dam,11,A
Uts_12A_003,17,A,1,dam,12,A
Uts_12A_003,13,0y,22,dam,12,A
Uts_12A_003,14,1y,4,dam,12,A
Uts_12A_003,15,2y,1,dam,12,A
Uts_13A_047,18,A,7,dam,13,A
Uts_13A_047,18,0y,68,dam,13,A
Uts_13A_047,18,1y,1,dam,13,A
Uts_13A_047,18,2-3y,17,dam,13,A
Uts_13A_047,14,0y,70,dam,13,A
Uts_13A_047,15,1y,16,dam,13,A
Uts_13A_047,15,2y,1,dam,13,A
Uts_13A_047,16,0y,149,dam,13,A
Uts_13A_047,16,2y,1,dam,13,A
Uts_13A_047,16,3y,2,dam,13,A
Uts_13A_047,17,0y,1,dam,13,A
Uts_13A_047,17,1y,45,dam,13,A
Uts_13A_047,17,2y,2,dam,13,A
Uts_13A_047,19,1y,10,dam,13,A
Uts_13A_047,19,2-3y,7,dam,13,A
Uts_13A_037,18,A,2,dam,13,A
Uts_13A_037,14,0y,10,dam,13,A
Uts_13A_037,15,1y,5,dam,13,A
Uts_13A_033,18,A,3,dam,13,A
Uts_13A_033,14,0y,50,dam,13,A
Uts_13A_033,15,1y,14,dam,13,A
Uts_13A_033,16,2y,1,dam,13,A
Uts_13A_033,16,3y,2,dam,13,A
Uts_13A_058,18,A,1,dam,13,A
Uts_13A_058,14,0y,3,dam,13,A
Uts_13A_058,15,1y,1,dam,13,A
Uts_12_0y_653,18,A,1,dam,12,0y
Uts_12_0y_653,14,0y,2,dam,12,0y
Uts_13A_044,18,A,1,dam,13,A
Uts_13A_044,14,0y,18,dam,13,A
Uts_13A_044,15,1y,3,dam,13,A
Uts_13A_044,17,0y,1,dam,13,A
Uts_13A_039,18,A,1,dam,13,A
Uts_13A_039,14,0y,37,dam,13,A
Uts_13A_039,15,0y,1,dam,13,A
Uts_13A_039,15,1y,8,dam,13,A
Uts_13A_039,16,3y,1,dam,13,A
Uts_15A_066,18,A,1,dam,15,A
Uts_15A_066,18,0y,75,dam,15,A
Uts_15A_066,18,2-3y,4,dam,15,A
Uts_15A_066,14,0y,77,dam,15,A
Uts_15A_066,15,1y,22,dam,15,A
Uts_15A_066,15,2y,1,dam,15,A
Uts_15A_066,16,0y,179,dam,15,A
Uts_15A_066,16,1y,2,dam,15,A
Uts_15A_066,16,3y,1,dam,15,A
Uts_15A_066,17,1y,33,dam,15,A
Uts_15A_066,17,2y,4,dam,15,A
Uts_15A_066,19,0y,1,dam,15,A
Uts_15A_066,19,1y,6,dam,15,A
Uts_15A_066,19,2-3y,1,dam,15,A
Uts_11A_28,12,0y,27,dam,11,A
Uts_11A_28,13,0y,2,dam,11,A
Uts_11A_28,13,1y,31,dam,11,A
Uts_11A_28,14,2y,2,dam,11,A
Uts_11A_28,17,0y,1,dam,11,A
Uts_18A_071,12,0y,1,dam,18,A
Uts_18A_071,13,1y,1,dam,18,A
Uts_18A_071,19,0y,26,dam,18,A
Uts_11A_52,12,0y,4,dam,11,A
Uts_11A_52,14,2y,1,dam,11,A
Uts_12A_004,13,0y,46,dam,12,A
Uts_12A_004,14,1y,3,dam,12,A
Uts_12A_004,15,2y,1,dam,12,A
Uts_14_2y_0038,13,0y,8,dam,14,2y
Uts_13_1y_0526,13,0y,1,dam,13,1y
Uts_13_1y_0526,19,0y,1,dam,13,1y
Uts_13_1y_0094,13,0y,1,dam,13,1y
Uts_12A_030,13,0y,104,dam,12,A
Uts_12A_030,14,1y,11,dam,12,A
Uts_12A_030,15,2y,1,dam,12,A
Uts_12_0y_178,13,0y,1,dam,12,0y
Uts_12A_018,13,0y,24,dam,12,A
Uts_12A_018,13,1y,1,dam,12,A
Uts_12A_018,18,0y,1,dam,12,A
Uts_12A_019,13,0y,18,dam,12,A
Uts_12A_019,13,1y,1,dam,12,A
Uts_12A_019,14,1y,1,dam,12,A
Uts_12A_019,15,2y,2,dam,12,A
Uts_13_1y_0259,13,0y,1,dam,13,1y
Uts_13_1y_0655,13,0y,1,dam,13,1y
Uts_13_1y_0672,13,0y,1,dam,13,1y
Uts_13_1y_0236,13,0y,1,dam,13,1y
Uts_12A_021,13,0y,3,dam,12,A
Uts_12_0y_131,14,0y,1,dam,12,0y
Uts_12_0y_131,16,3y,1,dam,12,0y
Uts_13_1y_0607,14,0y,1,dam,13,1y
Uts_13A_059,14,0y,1,dam,13,A
Uts_12_0y_497,14,0y,1,dam,12,0y
Uts_15_2y_0077,14,0y,1,dam,15,2y
Uts_13_1y_0766,14,0y,1,dam,13,1y
Uts_13A_066,14,0y,8,dam,13,A
Uts_13A_066,15,1y,2,dam,13,A
Uts_13A_004,14,0y,1,dam,13,A
Uts_13A_004,15,1y,1,dam,13,A
Uts_12_0y_734,14,0y,1,dam,12,0y
Uts_14_2y_0092,14,0y,1,dam,14,2y
Uts_12_0y_402,14,0y,1,dam,12,0y
Uts_13_1y_0187,14,0y,1,dam,13,1y
Uts_16_3y_0036,14,0y,1,dam,16,3y
Uts_17_3y_1785,15,0y,1,dam,17,3y
Uts_14A_108,15,0y,60,dam,14,A
Uts_14A_108,16,1y,6,dam,14,A
Uts_14A_108,16,2y,1,dam,14,A
Uts_14A_108,17,2y,1,dam,14,A
Uts_16_2y_0013,15,0y,2,dam,16,2y
Uts_14A_018,15,0y,1,dam,14,A
Uts_14_2y_0100,15,0y,1,dam,14,2y
Uts_14A_107,15,0y,2,dam,14,A
Uts_14A_107,16,1y,1,dam,14,A
Uts_14A_024,15,0y,71,dam,14,A
Uts_14A_024,16,1y,18,dam,14,A
Uts_14A_024,16,2y,1,dam,14,A
Uts_14A_024,17,2y,2,dam,14,A
Uts_14A_024,17,3y,1,dam,14,A
Uts_14A_024,18,2-3y,2,dam,14,A
Uts_14A_066,15,0y,23,dam,14,A
Uts_14A_066,16,1y,2,dam,14,A
Uts_14A_066,16,2y,1,dam,14,A
Uts_12_0y_119,15,0y,1,dam,12,0y
Uts_12_0y_119,16,3y,1,dam,12,0y
Uts_13_1y_0060,15,0y,1,dam,13,1y
Uts_13_0y_0321,15,0y,2,dam,13,0y
Uts_14_1y_0299,15,0y,2,dam,14,1y
Uts_14_0y_0847,15,0y,1,dam,14,0y
Uts_14_1y_0432,15,0y,1,dam,14,1y
Uts_14_0y_0645,15,0y,1,dam,14,0y
Uts_13_0y_0963,15,0y,2,dam,13,0y
Uts_13_0y_1018,15,0y,1,dam,13,0y
Uts_13_0y_0302,15,0y,1,dam,13,0y
Uts_15_2y_0103,15,0y,1,dam,15,2y
Uts_14A_050,15,0y,1,dam,14,A
Uts_14A_050,16,1y,2,dam,14,A
Uts_14A_050,17,2y,2,dam,14,A
Uts_13_0y_0978,15,0y,1,dam,13,0y
Uts_14_1y_0166,15,0y,1,dam,14,1y
Uts_14_1y_0124,15,0y,4,dam,14,1y
Uts_13_0y_0641,15,0y,1,dam,13,0y
Uts_13_0y_0747,15,0y,1,dam,13,0y
Uts_14_1y_0409,15,0y,1,dam,14,1y
Uts_14_0y_0252,15,0y,1,dam,14,0y
Uts_13_0y_0658,15,0y,1,dam,13,0y
Uts_13_0y_0967,15,0y,1,dam,13,0y
Uts_17_3y_1304,15,0y,1,dam,17,3y
Uts_13_0y_0666,15,0y,1,dam,13,0y
Uts_13_0y_0858,15,0y,1,dam,13,0y
Uts_13_0y_0443,15,0y,1,dam,13,0y
Uts_13_0y_0680,15,0y,1,dam,13,0y
Uts_13_0y_0697,15,0y,2,dam,13,0y
Uts_14A_063,15,0y,1,dam,14,A
Uts_14A_063,16,1y,4,dam,14,A
Uts_14A_063,18,2-3y,1,dam,14,A
Uts_13_1y_0079,15,1y,1,dam,13,1y
Uts_13_1y_0079,16,0y,1,dam,13,1y
Uts_13_1y_0586,15,1y,1,dam,13,1y
Uts_15A_026,16,0y,105,dam,15,A
Uts_15A_026,17,1y,14,dam,15,A
Uts_15A_026,18,1y,1,dam,15,A
Uts_15A_026,18,2-3y,5,dam,15,A
Uts_15A_078,16,0y,18,dam,15,A
Uts_15A_078,17,1y,7,dam,15,A
Uts_15A_078,18,0y,31,dam,15,A
Uts_15A_078,18,2-3y,2,dam,15,A
Uts_15A_078,19,1y,1,dam,15,A
Uts_15A_078,19,2-3y,2,dam,15,A
Uts_17A_002,16,0y,65,dam,17,A
Uts_17A_002,17,1y,14,dam,17,A
Uts_17A_002,17,2y,1,dam,17,A
Uts_17A_002,18,0y,31,dam,17,A
Uts_17A_002,18,1y,2,dam,17,A
Uts_17A_002,18,2-3y,6,dam,17,A
Uts_17A_002,19,1y,4,dam,17,A
Uts_17A_002,19,2-3y,1,dam,17,A
Uts_15A_010,16,0y,90,dam,15,A
Uts_15A_010,17,1y,17,dam,15,A
Uts_15A_010,18,1y,1,dam,15,A
Uts_15A_010,18,2-3y,5,dam,15,A
Uts_15A_011,16,0y,19,dam,15,A
Uts_15A_011,17,1y,8,dam,15,A
Uts_15A_011,18,0y,8,dam,15,A
Uts_15A_011,18,2-3y,2,dam,15,A
Uts_15A_011,19,1y,2,dam,15,A
Uts_15A_030,16,0y,52,dam,15,A
Uts_15A_030,16,1y,2,dam,15,A
Uts_15A_030,17,1y,5,dam,15,A
Uts_15A_030,18,2-3y,2,dam,15,A
Uts_17A_096,16,0y,47,dam,17,A
Uts_17A_096,17,1y,7,dam,17,A
Uts_17A_096,18,0y,17,dam,17,A
Uts_17A_096,18,2-3y,1,dam,17,A
Uts_17A_096,19,1y,3,dam,17,A
Uts_17A_096,19,2-3y,2,dam,17,A
Uts_15A_055,16,0y,23,dam,15,A
Uts_15A_055,17,1y,4,dam,15,A
Uts_12_0y_385,16,0y,1,dam,12,0y
Uts_17A_075,16,0y,63,dam,17,A
Uts_17A_075,17,1y,14,dam,17,A
Uts_17A_075,18,0y,17,dam,17,A
Uts_17A_075,18,1y,1,dam,17,A
Uts_17A_075,18,2-3y,2,dam,17,A
Uts_17A_075,19,1y,2,dam,17,A
Uts_15A_077,16,0y,4,dam,15,A
Uts_15A_077,17,1y,3,dam,15,A
Uts_15A_077,18,2-3y,1,dam,15,A
Uts_14_0y_1564,16,0y,1,dam,14,0y
Uts_15A_067,16,0y,4,dam,15,A
Uts_15A_067,17,1y,1,dam,15,A
Uts_15A_067,18,2-3y,1,dam,15,A
Uts_17A_078,16,0y,30,dam,17,A
Uts_17A_078,17,1y,11,dam,17,A
Uts_17A_078,18,0y,48,dam,17,A
Uts_17A_078,18,1y,1,dam,17,A
Uts_17A_078,18,2-3y,1,dam,17,A
Uts_17A_078,19,1y,5,dam,17,A
Uts_17A_078,19,2-3y,1,dam,17,A
Uts_15A_054,16,0y,5,dam,15,A
Uts_13_0y_0671,16,0y,1,dam,13,0y
Uts_14_0y_0915,16,0y,1,dam,14,0y
Uts_12_0y_745,16,0y,1,dam,12,0y
Uts_12_0y_027,16,0y,1,dam,12,0y
Uts_17_2y_2915,16,0y,1,dam,17,2y
Uts_15_1y_0054,16,1y,1,dam,15,1y
Uts_16A_048,17,0y,17,dam,16,A
Uts_16A_048,18,1y,6,dam,16,A
Uts_16A_048,19,0y,4,dam,16,A
Uts_16A_048,19,2-3y,1,dam,16,A
Uts_16A_108,17,0y,38,dam,16,A
Uts_16A_108,18,1y,10,dam,16,A
Uts_16A_108,19,2-3y,2,dam,16,A
Uts_16A_091,17,0y,17,dam,16,A
Uts_16A_091,18,0y,1,dam,16,A
Uts_16A_091,18,1y,5,dam,16,A
Uts_16A_091,19,2-3y,4,dam,16,A
Uts_16A_036,17,0y,10,dam,16,A
Uts_16A_036,18,1y,3,dam,16,A
Uts_16A_036,19,2-3y,3,dam,16,A
Uts_16A_037,17,0y,30,dam,16,A
Uts_16A_037,18,1y,14,dam,16,A
Uts_16A_037,19,1y,1,dam,16,A
Uts_16A_037,19,2-3y,6,dam,16,A
Uts_16A_050,17,0y,117,dam,16,A
Uts_16A_050,18,1y,29,dam,16,A
Uts_16A_050,19,0y,86,dam,16,A
Uts_16A_050,19,2-3y,13,dam,16,A
Uts_16A_102,17,0y,33,dam,16,A
Uts_16A_102,18,1y,9,dam,16,A
Uts_16A_102,19,2-3y,1,dam,16,A
Uts_16A_096,17,0y,110,dam,16,A
Uts_16A_096,18,1y,16,dam,16,A
Uts_16A_096,19,0y,46,dam,16,A
Uts_16A_096,19,2-3y,9,dam,16,A
Uts_16A_064,17,0y,11,dam,16,A
Uts_16A_064,18,1y,4,dam,16,A
Uts_16A_112,17,0y,5,dam,16,A
Uts_16A_112,18,1y,7,dam,16,A
Uts_16A_112,19,2-3y,1,dam,16,A
Uts_14_2y_0089,17,0y,2,dam,14,2y
Uts_12_0y_216,17,0y,1,dam,12,0y
Uts_16A_105,17,0y,25,dam,16,A
Uts_16A_105,18,1y,4,dam,16,A
Uts_16A_105,19,2-3y,3,dam,16,A
Uts_16A_115,17,0y,15,dam,16,A
Uts_16A_115,18,1y,3,dam,16,A
Uts_15_0y_0779,17,0y,1,dam,15,0y
Uts_17_2y_1781,17,0y,1,dam,17,2y
Uts_15_0y_0805,17,0y,1,dam,15,0y
Uts_15_0y_0763,17,0y,2,dam,15,0y
Uts_15_0y_0857,17,0y,2,dam,15,0y
Uts_16_0y_1599,17,0y,1,dam,16,0y
Uts_13_0y_0350,17,0y,1,dam,13,0y
Uts_13_1y_0873,17,0y,1,dam,13,1y
Uts_16A_043,17,0y,1,dam,16,A
Uts_16A_043,18,1y,2,dam,16,A
Uts_16A_043,19,1y,1,dam,16,A
Uts_15_0y_1003,17,0y,1,dam,15,0y
Uts_15_0y_1196,17,0y,1,dam,15,0y
Uts_15_0y_1121,17,0y,1,dam,15,0y
Uts_15_0y_1572,17,1y,1,dam,15,0y
Uts_13_0y_0751,17,2y,1,dam,13,0y
Uts_17A_073,18,0y,6,dam,17,A
Uts_17A_073,19,2-3y,1,dam,17,A
Uts_17A_066,18,0y,70,dam,17,A
Uts_17A_066,19,1y,14,dam,17,A
Uts_17A_077,18,0y,12,dam,17,A
Uts_17A_077,19,1y,2,dam,17,A
Uts_17A_077,19,2-3y,1,dam,17,A
Uts_17A_056,18,0y,23,dam,17,A
Uts_17A_056,19,1y,1,dam,17,A
Uts_17A_007,18,0y,49,dam,17,A
Uts_17A_007,19,1y,6,dam,17,A
Uts_17A_031,18,0y,11,dam,17,A
Uts_17A_031,19,1y,1,dam,17,A
Uts_17A_098,18,0y,48,dam,17,A
Uts_17A_098,19,1y,12,dam,17,A
Uts_17A_098,19,2-3y,1,dam,17,A
Uts_15_0y_0421,18,0y,1,dam,15,0y
Uts_17A_046,18,0y,6,dam,17,A
Uts_17A_046,19,1y,1,dam,17,A
Uts_17A_026,18,0y,20,dam,17,A
Uts_17A_026,19,1y,5,dam,17,A
Uts_17A_010,18,0y,29,dam,17,A
Uts_17A_010,19,1y,1,dam,17,A
Uts_17A_005,18,0y,37,dam,17,A
Uts_17A_005,19,1y,6,dam,17,A
Uts_17A_074,18,0y,14,dam,17,A
Uts_17A_074,19,1y,1,dam,17,A
Uts_17A_072,18,0y,5,dam,17,A
Uts_17A_018,18,0y,1,dam,17,A
Uts_17A_018,19,1y,2,dam,17,A
Uts_17_1y_1677,18,0y,1,dam,17,1y
Uts_17_1y_2438,18,0y,1,dam,17,1y
Uts_16_0y_2153,18,0y,1,dam,16,0y
Uts_13_1y_0758,18,0y,1,dam,13,1y
Uts_16_0y_0166,18,0y,1,dam,16,0y
Uts_15_0y_1030,18,1y,1,dam,15,0y
Uts_15_0y_0305,18,1y,1,dam,15,0y
Uts_15_0y_1377,18,1y,1,dam,15,0y
Uts_15_0y_1812,18,1y,1,dam,15,0y
Uts_16A_077,18,1y,1,dam,16,A
Uts_16A_077,19,2-3y,1,dam,16,A
Uts_18A_080,19,0y,43,dam,18,A
Uts_18A_088,19,0y,64,dam,18,A
Uts_18A_038,19,0y,44,dam,18,A
Uts_15_0y_0911,19,0y,1,dam,15,0y
Uts_18A_117,19,0y,68,dam,18,A
Uts_18A_117,19,1y,1,dam,18,A
Uts_17_1y_1917,19,0y,1,dam,17,1y
Uts_18_1y_1018,19,0y,1,dam,18,1y
Uts_17_0y_0929,19,0y,1,dam,17,0y
Uts_13_1y_0909,19,0y,1,dam,13,1y
Uts_12_0y_698,19,0y,1,dam,12,0y
Uts_18A_042,19,0y,3,dam,18,A
Uts_18A_096,19,0y,27,dam,18,A
Uts_15_1y_0268,19,0y,1,dam,15,1y
Uts_18A_045,19,0y,2,dam,18,A
Uts_17_0y_0965,19,0y,1,dam,17,0y
Uts_15_0y_0761,19,0y,1,dam,15,0y
Uts_12_0y_806,19,0y,1,dam,12,0y
Uts_16_0y_1245,19,0y,1,dam,16,0y
Uts_14_1y_0281,19,0y,1,dam,14,1y
Uts_14_0y_0946,19,0y,1,dam,14,0y
Uts_12_0y_519,19,0y,2,dam,12,0y
Uts_17_0y_2285,19,0y,3,dam,17,0y
Uts_14_0y_0354,19,0y,1,dam,14,0y
Uts_17_0y_2159,19,0y,1,dam,17,0y
Uts_17_0y_2324,19,0y,1,dam,17,0y
Uts_15_1y_0072,19,0y,1,dam,15,1y
Uts_12_0y_763,19,0y,1,dam,12,0y
Uts_17_0y_0662,19,0y,1,dam,17,0y
Uts_13_0y_0283,19,0y,1,dam,13,0y
Uts_13_1y_0842,19,0y,1,dam,13,1y
Uts_18A_119,19,0y,3,dam,18,A
Uts_17_0y_1989,19,1y,1,dam,17,0y
Uts_18_1y_0816,19,1y,1,dam,18,1y
Uts_12_0y_537,19,1y,1,dam,12,0y
Uts_16_2y_0019,19,1y,1,dam,16,2y
Uts_17_1y_1753,19,2-3y,1,dam,17,1y
Uts_13_0y_0084,19,2-3y,1,dam,13,0y
Uts_13_0y_0192,19,2-3y,1,dam,13,0y
NA,11,A,54,sire,NA,NA
NA,12,A,36,sire,NA,NA
NA,12,0y,585,sire,NA,NA
NA,13,A,66,sire,NA,NA
NA,13,0y,809,sire,NA,NA
NA,13,1y,673,sire,NA,NA
NA,14,A,110,sire,NA,NA
NA,14,0y,982,sire,NA,NA
NA,14,1y,411,sire,NA,NA
NA,14,2pp,10,sire,NA,NA
NA,14,2y,139,sire,NA,NA
NA,15,A,81,sire,NA,NA
NA,15,0y,1043,sire,NA,NA
NA,15,1y,326,sire,NA,NA
NA,15,2y,105,sire,NA,NA
NA,16,A,100,sire,NA,NA
NA,16,0y,1036,sire,NA,NA
NA,16,1y,209,sire,NA,NA
NA,16,2y,22,sire,NA,NA
NA,16,3y,28,sire,NA,NA
NA,17,A,83,sire,NA,NA
NA,17,0y,787,sire,NA,NA
NA,17,1y,372,sire,NA,NA
NA,17,2y,61,sire,NA,NA
NA,17,3y,5,sire,NA,NA
NA,18,A,92,sire,NA,NA
NA,18,0y,797,sire,NA,NA
NA,18,1y,391,sire,NA,NA
NA,18,2-3y,138,sire,NA,NA
NA,19,0y,1156,sire,NA,NA
NA,19,1y,221,sire,NA,NA
NA,19,2-3y,181,sire,NA,NA
Uts_11A_51,16,A,2,sire,11,A
Uts_11A_51,12,0y,3,sire,11,A
Uts_11A_51,13,1y,2,sire,11,A
Uts_11A_49,16,A,1,sire,11,A
Uts_11A_49,12,0y,1,sire,11,A
Uts_11A_49,14,1y,1,sire,11,A
Uts_11A_12,16,A,1,sire,11,A
Uts_11A_12,12,0y,16,sire,11,A
Uts_11A_12,13,1y,11,sire,11,A
Uts_11A_12,14,2y,1,sire,11,A
Uts_11A_15,16,A,1,sire,11,A
Uts_11A_15,12,0y,9,sire,11,A
Uts_11A_15,13,1y,4,sire,11,A
Uts_11A_15,14,2y,1,sire,11,A
Uts_13A_024,16,A,2,sire,13,A
Uts_13A_024,18,A,1,sire,13,A
Uts_13A_024,12,0y,15,sire,13,A
Uts_13A_024,13,1y,21,sire,13,A
Uts_13A_024,14,0y,96,sire,13,A
Uts_13A_024,14,2y,1,sire,13,A
Uts_13A_024,15,1y,28,sire,13,A
Uts_13A_043,16,A,1,sire,13,A
Uts_13A_043,16,3y,4,sire,13,A
Uts_13A_043,18,A,6,sire,13,A
Uts_13A_043,12,0y,7,sire,13,A
Uts_13A_043,13,1y,5,sire,13,A
Uts_13A_043,14,0y,112,sire,13,A
Uts_13A_043,15,1y,43,sire,13,A
Uts_13A_043,15,2y,1,sire,13,A
Uts_11A_06,16,A,1,sire,11,A
Uts_11A_06,12,0y,8,sire,11,A
Uts_11A_06,13,1y,11,sire,11,A
Uts_11A_06,14,2y,5,sire,11,A
Uts_11A_19,16,A,1,sire,11,A
Uts_11A_19,17,A,1,sire,11,A
Uts_11A_19,12,0y,1,sire,11,A
Uts_11A_19,13,1y,5,sire,11,A
Uts_11A_17,16,A,1,sire,11,A
Uts_11A_17,17,A,1,sire,11,A
Uts_11A_17,12,0y,12,sire,11,A
Uts_11A_17,13,1y,15,sire,11,A
Uts_11A_17,14,2y,5,sire,11,A
Uts_11A_17,19,0y,1,sire,11,A
Uts_13A_029,16,A,1,sire,13,A
Uts_13A_029,18,A,2,sire,13,A
Uts_13A_029,12,0y,1,sire,13,A
Uts_13A_029,13,1y,1,sire,13,A
Uts_13A_029,14,0y,19,sire,13,A
Uts_13A_029,14,2pp,1,sire,13,A
Uts_13A_029,15,1y,9,sire,13,A
Uts_11A_36,16,A,1,sire,11,A
Uts_11A_36,17,A,2,sire,11,A
Uts_11A_36,12,0y,37,sire,11,A
Uts_11A_36,13,1y,31,sire,11,A
Uts_11A_36,14,2y,2,sire,11,A
Uts_11A_36,19,0y,1,sire,11,A
Uts_11A_11,16,A,1,sire,11,A
Uts_11A_11,12,0y,1,sire,11,A
Uts_11A_11,13,1y,2,sire,11,A
Uts_11A_08,17,A,1,sire,11,A
Uts_11A_08,12,0y,1,sire,11,A
Uts_11A_08,13,1y,2,sire,11,A
Uts_11A_07,17,A,2,sire,11,A
Uts_11A_07,12,0y,6,sire,11,A
Uts_11A_07,13,1y,16,sire,11,A
Uts_11A_07,14,2y,4,sire,11,A
Uts_12A_015,17,A,2,sire,12,A
Uts_12A_015,14,1y,4,sire,12,A
Uts_12A_036,17,A,1,sire,12,A
Uts_12A_036,18,A,1,sire,12,A
Uts_12A_036,13,0y,35,sire,12,A
Uts_12A_036,14,1y,5,sire,12,A
Uts_12A_036,15,2y,2,sire,12,A
Uts_12A_017,17,A,2,sire,12,A
Uts_12A_017,13,0y,15,sire,12,A
Uts_12A_017,14,1y,4,sire,12,A
Uts_12A_017,14,2y,1,sire,12,A
Uts_11A_25,17,A,1,sire,11,A
Uts_11A_25,12,0y,1,sire,11,A
Uts_13A_009,18,A,1,sire,13,A
Uts_13A_009,14,0y,17,sire,13,A
Uts_13A_009,15,1y,4,sire,13,A
Uts_13A_023,18,A,2,sire,13,A
Uts_13A_023,14,0y,30,sire,13,A
Uts_13A_023,15,1y,2,sire,13,A
Uts_13A_023,16,3y,2,sire,13,A
Uts_13A_036,18,A,1,sire,13,A
Uts_13A_036,14,0y,4,sire,13,A
Uts_13A_036,15,1y,2,sire,13,A
Uts_13A_036,16,2y,1,sire,13,A
Uts_13A_036,16,3y,1,sire,13,A
Uts_11A_34,18,A,2,sire,11,A
Uts_11A_34,18,0y,1,sire,11,A
Uts_11A_34,12,0y,1,sire,11,A
Uts_11A_34,14,0y,68,sire,11,A
Uts_11A_34,15,1y,18,sire,11,A
Uts_11A_34,16,3y,1,sire,11,A
Uts_12A_016,18,A,1,sire,12,A
Uts_12A_016,13,0y,20,sire,12,A
Uts_12A_016,14,1y,1,sire,12,A
Uts_13_0y_1002,18,A,1,sire,13,0y
Uts_14A_073,18,A,1,sire,14,A
Uts_14A_073,15,0y,1,sire,14,A
Uts_14A_073,16,1y,1,sire,14,A
Uts_12A_007,18,A,1,sire,12,A
Uts_12A_007,13,0y,10,sire,12,A
Uts_12A_007,14,1y,1,sire,12,A
Uts_13A_056,18,A,1,sire,13,A
Uts_13A_056,18,1y,13,sire,13,A
Uts_13A_056,14,0y,17,sire,13,A
Uts_13A_056,15,1y,1,sire,13,A
Uts_13A_056,17,0y,21,sire,13,A
Uts_13A_056,19,1y,1,sire,13,A
Uts_13A_056,19,2-3y,5,sire,13,A
Uts_13A_016,18,A,3,sire,13,A
Uts_13A_016,14,0y,4,sire,13,A
Uts_13A_016,15,1y,2,sire,13,A
Uts_13A_053,18,A,1,sire,13,A
Uts_13A_013,18,A,1,sire,13,A
Uts_13A_013,12,0y,3,sire,13,A
Uts_13A_013,13,1y,10,sire,13,A
Uts_13A_013,14,0y,29,sire,13,A
Uts_13A_013,15,1y,11,sire,13,A
Uts_13A_013,16,3y,1,sire,13,A
Uts_12A_033,18,A,1,sire,12,A
Uts_12A_033,13,0y,1,sire,12,A
Uts_13A_050,18,A,1,sire,13,A
Uts_13A_050,14,0y,41,sire,13,A
Uts_13A_050,15,1y,3,sire,13,A
Uts_13A_050,16,3y,2,sire,13,A
Uts_11A_40,12,0y,32,sire,11,A
Uts_11A_40,13,1y,25,sire,11,A
Uts_11A_40,14,2y,3,sire,11,A
Uts_11A_18,12,0y,12,sire,11,A
Uts_11A_18,13,1y,6,sire,11,A
Uts_11A_43,12,0y,4,sire,11,A
Uts_11A_43,13,1y,3,sire,11,A
Uts_11A_09,12,0y,8,sire,11,A
Uts_11A_09,13,1y,7,sire,11,A
Uts_11A_16,12,0y,3,sire,11,A
Uts_11A_16,13,1y,5,sire,11,A
Uts_11A_16,14,2y,1,sire,11,A
Uts_11A_02,12,0y,5,sire,11,A
Uts_11A_02,13,1y,1,sire,11,A
Uts_11A_20,12,0y,3,sire,11,A
Uts_11A_20,13,1y,8,sire,11,A
Uts_11A_26,12,0y,16,sire,11,A
Uts_11A_26,13,1y,17,sire,11,A
Uts_11A_26,14,2y,3,sire,11,A
Uts_11A_48,12,0y,1,sire,11,A
Uts_11A_01,12,0y,1,sire,11,A
Uts_11A_01,13,1y,1,sire,11,A
Uts_11A_14,12,0y,1,sire,11,A
Uts_11A_54,12,0y,1,sire,11,A
Uts_11A_54,13,1y,3,sire,11,A
Uts_11A_54,14,2y,1,sire,11,A
Uts_12A_005,13,0y,25,sire,12,A
Uts_12A_005,13,1y,1,sire,12,A
Uts_12A_005,14,1y,4,sire,12,A
Uts_12A_005,14,2y,1,sire,12,A
Uts_12A_034,13,0y,31,sire,12,A
Uts_12A_034,14,1y,3,sire,12,A
Uts_12A_034,15,2y,2,sire,12,A
Uts_13_1y_0296,13,0y,1,sire,13,1y
Uts_11A_30,13,0y,1,sire,11,A
Uts_12A_028,13,0y,1,sire,12,A
Uts_12A_028,14,1y,1,sire,12,A
Uts_12A_011,13,0y,8,sire,12,A
Uts_12A_011,14,1y,1,sire,12,A
Uts_12A_022,13,0y,17,sire,12,A
Uts_12A_022,14,1y,5,sire,12,A
Uts_12A_009,13,0y,15,sire,12,A
Uts_12A_009,14,1y,1,sire,12,A
Uts_12A_009,15,2y,2,sire,12,A
Uts_12A_023,13,0y,2,sire,12,A
Uts_12A_006,13,0y,7,sire,12,A
Uts_12A_035,13,0y,1,sire,12,A
Uts_12A_008,13,0y,3,sire,12,A
Uts_12A_010,13,0y,3,sire,12,A
Uts_12A_010,14,1y,2,sire,12,A
Uts_13_1y_0789,13,0y,1,sire,13,1y
Uts_11A_23,13,0y,1,sire,11,A
Uts_12A_014,13,0y,2,sire,12,A
Uts_11A_44,13,1y,2,sire,11,A
Uts_11A_24,13,1y,1,sire,11,A
Uts_13A_014,13,1y,1,sire,13,A
Uts_13A_014,14,0y,1,sire,13,A
Uts_13A_014,15,1y,3,sire,13,A
Uts_17A_071,13,1y,1,sire,17,A
Uts_17A_071,14,0y,1,sire,17,A
Uts_17A_071,18,0y,8,sire,17,A
Uts_17A_071,19,1y,1,sire,17,A
Uts_11A_05,13,1y,1,sire,11,A
Uts_13A_028,14,0y,12,sire,13,A
Uts_13A_028,15,1y,8,sire,13,A
Uts_13A_055,14,0y,25,sire,13,A
Uts_13A_055,15,1y,2,sire,13,A
Uts_11A_42,14,0y,25,sire,11,A
Uts_11A_42,15,1y,6,sire,11,A
Uts_11A_42,16,2y,1,sire,11,A
Uts_11A_38,14,0y,7,sire,11,A
Uts_13A_002,14,0y,1,sire,13,A
Uts_13A_001,14,0y,9,sire,13,A
Uts_13A_031,14,0y,4,sire,13,A
Uts_13A_031,15,1y,1,sire,13,A
Uts_13A_063,14,0y,15,sire,13,A
Uts_13A_063,15,1y,2,sire,13,A
Uts_18A_122,14,0y,1,sire,18,A
Uts_18A_122,19,0y,3,sire,18,A
Uts_13A_019,14,0y,4,sire,13,A
Uts_13A_019,16,3y,1,sire,13,A
Uts_13A_026,14,0y,9,sire,13,A
Uts_13A_026,15,1y,4,sire,13,A
Uts_13A_057,14,0y,5,sire,13,A
Uts_13A_057,15,1y,1,sire,13,A
Uts_18A_058,14,0y,2,sire,18,A
Uts_16_3y_0029,14,0y,4,sire,16,3y
Uts_14_2y_0111,14,0y,1,sire,14,2y
Uts_12_0y_106,14,0y,1,sire,12,0y
Uts_12_0y_106,16,3y,1,sire,12,0y
Uts_16A_080,14,0y,2,sire,16,A
Uts_16A_080,17,0y,1,sire,16,A
Uts_13A_006,14,0y,5,sire,13,A
Uts_13A_006,15,0y,1,sire,13,A
Uts_13A_006,15,1y,1,sire,13,A
Uts_13A_006,17,0y,1,sire,13,A
Uts_13A_006,18,1y,1,sire,13,A
Uts_13A_051,14,0y,3,sire,13,A
Uts_13A_051,15,1y,3,sire,13,A
Uts_13A_051,16,3y,1,sire,13,A
Uts_16A_100,14,0y,1,sire,16,A
Uts_16A_100,17,0y,2,sire,16,A
Uts_16A_100,19,0y,88,sire,16,A
Uts_13A_007,14,0y,2,sire,13,A
Uts_13A_007,16,3y,1,sire,13,A
Uts_16_3y_0012,14,0y,3,sire,16,3y
Uts_18A_073,14,0y,1,sire,18,A
Uts_16A_093,14,0y,1,sire,16,A
Uts_16A_093,15,1y,1,sire,16,A
Uts_16A_093,17,1y,1,sire,16,A
Uts_13_1y_0470,14,0y,1,sire,13,1y
Uts_13_1y_0470,19,0y,1,sire,13,1y
Uts_13A_030,14,0y,1,sire,13,A
Uts_13A_038,14,0y,1,sire,13,A
Uts_13A_038,15,1y,1,sire,13,A
Uts_13_1y_0883,14,0y,1,sire,13,1y
Uts_13_0y_0892,14,0y,1,sire,13,0y
Uts_16A_076,14,0y,1,sire,16,A
Uts_14_2y_0163,14,0y,2,sire,14,2y
Uts_12_0y_665,14,0y,2,sire,12,0y
Uts_12_0y_488,14,0y,1,sire,12,0y
Uts_16_3y_0037,14,0y,1,sire,16,3y
Uts_12_0y_072,14,0y,2,sire,12,0y
Uts_13_1y_0396,14,0y,1,sire,13,1y
Uts_13_1y_0396,16,2y,1,sire,13,1y
Uts_13A_041,14,0y,1,sire,13,A
Uts_13A_041,15,1y,4,sire,13,A
Uts_13A_020,14,0y,1,sire,13,A
Uts_18A_052,14,1y,1,sire,18,A
Uts_18A_052,19,0y,13,sire,18,A
Uts_14A_091,15,0y,149,sire,14,A
Uts_14A_091,16,1y,18,sire,14,A
Uts_14A_091,16,2y,2,sire,14,A
Uts_14A_091,17,2y,7,sire,14,A
Uts_14A_091,17,3y,1,sire,14,A
Uts_14A_064,15,0y,3,sire,14,A
Uts_14A_027,15,0y,18,sire,14,A
Uts_14A_027,16,1y,1,sire,14,A
Uts_14A_027,17,2y,1,sire,14,A
Uts_14A_088,15,0y,36,sire,14,A
Uts_14A_088,16,1y,4,sire,14,A
Uts_14A_088,17,3y,1,sire,14,A
Uts_14A_005,15,0y,2,sire,14,A
Uts_14A_020,15,0y,13,sire,14,A
Uts_14A_020,17,2y,1,sire,14,A
Uts_14A_074,15,0y,7,sire,14,A
Uts_14A_089,15,0y,33,sire,14,A
Uts_14A_089,16,0y,1,sire,14,A
Uts_14A_089,16,1y,6,sire,14,A
Uts_14A_089,17,2y,3,sire,14,A
Uts_14A_017,15,0y,1,sire,14,A
Uts_14_2pp_050,15,0y,5,sire,14,2pp
Uts_14_2pp_051,15,0y,1,sire,14,2pp
Uts_14A_110,15,0y,1,sire,14,A
Uts_13_0y_0937,15,0y,1,sire,13,0y
Uts_14A_068,15,0y,59,sire,14,A
Uts_14A_068,16,1y,9,sire,14,A
Uts_14A_068,16,2y,1,sire,14,A
Uts_14A_043,15,0y,4,sire,14,A
Uts_14A_043,16,1y,2,sire,14,A
Uts_14A_096,15,0y,28,sire,14,A
Uts_14A_096,16,1y,1,sire,14,A
Uts_14A_096,16,2y,1,sire,14,A
Uts_14A_096,18,0y,1,sire,14,A
Uts_13_0y_0297,15,0y,1,sire,13,0y
Uts_14A_054,15,0y,8,sire,14,A
Uts_14A_019,15,0y,7,sire,14,A
Uts_14A_019,16,1y,4,sire,14,A
Uts_14A_106,15,0y,13,sire,14,A
Uts_14A_106,16,1y,1,sire,14,A
Uts_14A_103,15,0y,28,sire,14,A
Uts_14A_103,16,1y,3,sire,14,A
Uts_14A_103,18,2-3y,1,sire,14,A
Uts_14A_002,15,0y,2,sire,14,A
Uts_14A_002,16,1y,1,sire,14,A
Uts_14A_046,15,0y,2,sire,14,A
Uts_14A_046,16,1y,1,sire,14,A
Uts_14A_085,15,0y,28,sire,14,A
Uts_14A_085,16,1y,1,sire,14,A
Uts_14A_085,16,2y,1,sire,14,A
Uts_14A_044,15,0y,4,sire,14,A
Uts_14A_044,16,1y,1,sire,14,A
Uts_14A_083,15,0y,27,sire,14,A
Uts_14A_083,16,1y,5,sire,14,A
Uts_14A_083,17,0y,52,sire,14,A
Uts_14A_083,17,2y,1,sire,14,A
Uts_14A_083,18,1y,7,sire,14,A
Uts_14A_083,19,2-3y,2,sire,14,A
Uts_14A_092,15,0y,4,sire,14,A
Uts_14A_092,16,1y,3,sire,14,A
Uts_14A_025,15,0y,32,sire,14,A
Uts_14A_025,16,1y,8,sire,14,A
Uts_14A_025,17,2y,1,sire,14,A
Uts_16A_041,15,0y,2,sire,16,A
Uts_16A_041,17,0y,3,sire,16,A
Uts_14A_055,15,0y,18,sire,14,A
Uts_14A_040,15,0y,7,sire,14,A
Uts_14A_040,18,2-3y,1,sire,14,A
Uts_14A_022,15,0y,3,sire,14,A
Uts_14A_012,15,0y,39,sire,14,A
Uts_14A_012,16,1y,9,sire,14,A
Uts_14A_012,17,1y,1,sire,14,A
Uts_14A_012,17,2y,2,sire,14,A
Uts_14A_099,15,0y,11,sire,14,A
Uts_14A_099,16,1y,1,sire,14,A
Uts_14A_099,16,2y,1,sire,14,A
Uts_16_2y_0025,15,0y,1,sire,16,2y
Uts_13_0y_0340,15,0y,1,sire,13,0y
Uts_13_1y_0281,15,0y,1,sire,13,1y
Uts_14A_053,15,0y,18,sire,14,A
Uts_14A_053,16,1y,3,sire,14,A
Uts_13_0y_0632,15,0y,1,sire,13,0y
Uts_13_0y_0347,15,0y,2,sire,13,0y
Uts_14A_067,15,0y,5,sire,14,A
Uts_14A_067,16,1y,2,sire,14,A
Uts_14A_041,15,0y,9,sire,14,A
Uts_14A_041,16,1y,1,sire,14,A
Uts_14A_041,17,2y,1,sire,14,A
Uts_16A_047,15,0y,14,sire,16,A
Uts_16A_047,17,2y,1,sire,16,A
Uts_14A_031,15,0y,1,sire,14,A
Uts_14A_031,16,1y,1,sire,14,A
Uts_14A_031,16,2y,1,sire,14,A
Uts_14A_065,15,0y,4,sire,14,A
Uts_14A_065,16,1y,4,sire,14,A
Uts_14A_060,15,0y,8,sire,14,A
Uts_14A_060,16,1y,1,sire,14,A
Uts_13_0y_0792,15,0y,1,sire,13,0y
Uts_14A_033,15,0y,15,sire,14,A
Uts_14A_033,16,1y,2,sire,14,A
Uts_14A_033,17,3y,1,sire,14,A
Uts_13_0y_0108,15,0y,1,sire,13,0y
Uts_13_0y_0638,15,0y,1,sire,13,0y
Uts_13_0y_0939,15,0y,1,sire,13,0y
Uts_16_2y_0015,15,0y,1,sire,16,2y
Uts_13_0y_0763,15,0y,2,sire,13,0y
Uts_14A_097,15,0y,7,sire,14,A
Uts_14A_097,16,1y,2,sire,14,A
Uts_13_0y_0410,15,0y,1,sire,13,0y
Uts_14A_076,15,0y,12,sire,14,A
Uts_14A_076,16,1y,1,sire,14,A
Uts_14A_076,16,2y,1,sire,14,A
Uts_14A_076,17,2y,1,sire,14,A
Uts_12_0y_437,15,0y,1,sire,12,0y
Uts_13_0y_0626,15,0y,1,sire,13,0y
Uts_14_1y_0123,15,0y,1,sire,14,1y
Uts_13_0y_0421,15,0y,1,sire,13,0y
Uts_13_0y_0378,15,0y,1,sire,13,0y
Uts_13_0y_0726,15,0y,2,sire,13,0y
Uts_13_0y_0613,15,0y,1,sire,13,0y
Uts_13_1y_0853,15,0y,1,sire,13,1y
Uts_13_0y_0226,15,0y,1,sire,13,0y
Uts_13_0y_0320,15,0y,1,sire,13,0y
Uts_14A_042,15,0y,2,sire,14,A
Uts_14A_042,16,2y,1,sire,14,A
Uts_14A_042,17,0y,3,sire,14,A
Uts_14A_042,19,2-3y,1,sire,14,A
Uts_14A_030,15,0y,1,sire,14,A
Uts_14A_030,16,1y,1,sire,14,A
Uts_14A_030,16,2y,1,sire,14,A
Uts_14A_030,17,0y,11,sire,14,A
Uts_14A_030,18,1y,7,sire,14,A
Uts_14A_030,19,2-3y,2,sire,14,A
Uts_14_1y_0333,15,0y,1,sire,14,1y
Uts_13_0y_0590,15,0y,2,sire,13,0y
Uts_14_2pp_178,15,0y,1,sire,14,2pp
Uts_14A_069,15,0y,1,sire,14,A
Uts_14A_069,16,1y,1,sire,14,A
Uts_14_1y_0261,15,0y,1,sire,14,1y
Uts_17_3y_0656,15,0y,1,sire,17,3y
Uts_13_0y_0653,15,0y,1,sire,13,0y
Uts_13_0y_0494,15,0y,1,sire,13,0y
Uts_13_0y_0630,15,0y,1,sire,13,0y
Uts_13_0y_0331,15,0y,1,sire,13,0y
Uts_15_2y_0109,15,0y,1,sire,15,2y
Uts_15_2y_0109,17,0y,1,sire,15,2y
Uts_15_2y_0109,17,2y,1,sire,15,2y
Uts_15_2y_0109,19,0y,1,sire,15,2y
Uts_13_0y_0182,15,0y,1,sire,13,0y
Uts_13_0y_0182,17,0y,2,sire,13,0y
Uts_13_1y_0638,15,0y,1,sire,13,1y
Uts_18A_108,15,1y,1,sire,18,A
Uts_15A_053,15,1y,1,sire,15,A
Uts_13_1y_0905,15,1y,1,sire,13,1y
Uts_12_0y_483,15,2y,1,sire,12,0y
Uts_12_0y_483,16,3y,1,sire,12,0y
Uts_15A_070,16,0y,252,sire,15,A
Uts_15A_070,17,1y,41,sire,15,A
Uts_15A_070,18,1y,2,sire,15,A
Uts_15A_070,18,2-3y,6,sire,15,A
Uts_15A_076,16,0y,65,sire,15,A
Uts_15A_076,17,1y,14,sire,15,A
Uts_15A_049,16,0y,1,sire,15,A
Uts_15A_079,16,0y,60,sire,15,A
Uts_15A_079,17,1y,12,sire,15,A
Uts_15A_079,18,2-3y,4,sire,15,A
Uts_15A_005,16,0y,127,sire,15,A
Uts_15A_005,17,0y,1,sire,15,A
Uts_15A_005,17,1y,24,sire,15,A
Uts_15A_005,18,2-3y,6,sire,15,A
Uts_15A_005,19,2-3y,1,sire,15,A
Uts_15A_020,16,0y,122,sire,15,A
Uts_15A_020,16,1y,1,sire,15,A
Uts_15A_020,17,1y,25,sire,15,A
Uts_15A_020,18,2-3y,4,sire,15,A
Uts_15A_020,19,2-3y,1,sire,15,A
Uts_15A_014,16,0y,24,sire,15,A
Uts_15A_014,17,1y,4,sire,15,A
Uts_15A_038,16,0y,9,sire,15,A
Uts_15A_038,17,1y,5,sire,15,A
Uts_15A_038,18,2-3y,1,sire,15,A
Uts_15A_052,16,0y,17,sire,15,A
Uts_15A_052,17,1y,1,sire,15,A
Uts_15A_052,18,2-3y,1,sire,15,A
Uts_15A_052,19,2-3y,1,sire,15,A
Uts_15A_050,16,0y,5,sire,15,A
Uts_15A_050,17,1y,1,sire,15,A
Uts_15A_050,18,1y,1,sire,15,A
Uts_15A_050,18,2-3y,2,sire,15,A
Uts_15A_029,16,0y,216,sire,15,A
Uts_15A_029,16,1y,1,sire,15,A
Uts_15A_029,17,1y,22,sire,15,A
Uts_15A_029,17,2y,2,sire,15,A
Uts_15A_029,18,1y,1,sire,15,A
Uts_15A_029,18,2-3y,4,sire,15,A
Uts_15A_032,16,0y,63,sire,15,A
Uts_15A_032,16,1y,1,sire,15,A
Uts_15A_032,17,1y,18,sire,15,A
Uts_15A_032,18,2-3y,3,sire,15,A
Uts_15A_073,16,0y,12,sire,15,A
Uts_15A_073,17,1y,2,sire,15,A
Uts_15A_073,18,2-3y,1,sire,15,A
Uts_14_0y_0844,16,0y,1,sire,14,0y
Uts_15A_048,16,0y,11,sire,15,A
Uts_15A_048,17,1y,1,sire,15,A
Uts_15A_048,18,0y,4,sire,15,A
Uts_15A_048,18,1y,1,sire,15,A
Uts_15A_048,19,1y,2,sire,15,A
Uts_15A_024,16,0y,10,sire,15,A
Uts_15A_024,17,1y,2,sire,15,A
Uts_15A_072,16,0y,13,sire,15,A
Uts_15A_072,17,1y,1,sire,15,A
Uts_15A_072,19,2-3y,1,sire,15,A
Uts_15A_009,16,0y,17,sire,15,A
Uts_15A_009,17,1y,2,sire,15,A
Uts_15A_009,18,0y,1,sire,15,A
Uts_15A_009,18,1y,3,sire,15,A
Uts_15A_009,18,2-3y,5,sire,15,A
Uts_15A_009,19,2-3y,1,sire,15,A
Uts_15A_006,16,0y,28,sire,15,A
Uts_15A_006,17,1y,3,sire,15,A
Uts_15A_006,17,2y,1,sire,15,A
Uts_15A_006,18,2-3y,2,sire,15,A
Uts_15A_016,16,0y,10,sire,15,A
Uts_15A_016,17,1y,1,sire,15,A
Uts_15A_016,18,2-3y,1,sire,15,A
Uts_15A_064,16,0y,33,sire,15,A
Uts_15A_064,17,1y,5,sire,15,A
Uts_15A_028,16,0y,9,sire,15,A
Uts_15A_028,17,1y,1,sire,15,A
Uts_15A_035,16,0y,3,sire,15,A
Uts_15A_035,17,1y,2,sire,15,A
Uts_15A_035,18,1y,1,sire,15,A
Uts_15A_035,18,2-3y,1,sire,15,A
Uts_15A_080,16,0y,13,sire,15,A
Uts_15A_080,17,1y,2,sire,15,A
Uts_15A_080,18,2-3y,1,sire,15,A
Uts_15A_074,16,0y,2,sire,15,A
Uts_15A_017,16,0y,33,sire,15,A
Uts_15A_017,17,1y,9,sire,15,A
Uts_15A_017,18,1y,2,sire,15,A
Uts_15A_061,16,0y,4,sire,15,A
Uts_15A_061,17,1y,4,sire,15,A
Uts_15A_061,18,2-3y,2,sire,15,A
Uts_15A_041,16,0y,9,sire,15,A
Uts_15A_041,17,1y,5,sire,15,A
Uts_15A_041,18,2-3y,3,sire,15,A
Uts_14_0y_0417,16,0y,1,sire,14,0y
Uts_14_0y_0147,16,0y,1,sire,14,0y
Uts_15A_013,16,0y,19,sire,15,A
Uts_15A_013,17,1y,6,sire,15,A
Uts_15A_071,16,0y,5,sire,15,A
Uts_15A_071,17,1y,7,sire,15,A
Uts_15A_071,18,2-3y,1,sire,15,A
Uts_14_0y_1117,16,0y,1,sire,14,0y
Uts_14_0y_1117,19,2-3y,1,sire,14,0y
Uts_15A_042,16,0y,3,sire,15,A
Uts_15A_042,18,0y,18,sire,15,A
Uts_15A_042,19,1y,2,sire,15,A
Uts_15A_004,16,0y,4,sire,15,A
Uts_15A_056,16,0y,14,sire,15,A
Uts_15A_056,17,1y,4,sire,15,A
Uts_15A_056,18,0y,35,sire,15,A
Uts_15A_056,18,1y,1,sire,15,A
Uts_15A_056,19,1y,4,sire,15,A
Uts_15A_008,16,0y,1,sire,15,A
Uts_15A_008,17,1y,1,sire,15,A
Uts_15A_023,16,0y,5,sire,15,A
Uts_15A_023,18,1y,1,sire,15,A
Uts_15A_022,16,0y,12,sire,15,A
Uts_15A_022,17,1y,4,sire,15,A
Uts_15A_033,16,0y,3,sire,15,A
Uts_15A_033,17,1y,1,sire,15,A
Uts_15_1y_0349,16,0y,1,sire,15,1y
Uts_13_0y_0588,16,0y,1,sire,13,0y
Uts_13_0y_0185,16,0y,1,sire,13,0y
Uts_13_0y_0528,16,0y,1,sire,13,0y
Uts_15A_007,16,0y,1,sire,15,A
Uts_15A_025,16,0y,1,sire,15,A
Uts_15A_025,18,2-3y,2,sire,15,A
Uts_15A_081,16,0y,1,sire,15,A
Uts_14_0y_0370,16,0y,1,sire,14,0y
Uts_14_0y_0508,16,0y,1,sire,14,0y
Uts_13_1y_0773,16,1y,1,sire,13,1y
Uts_13_0y_0618,16,1y,1,sire,13,0y
Uts_15_2y_0118,16,1y,1,sire,15,2y
Uts_14A_072,16,1y,1,sire,14,A
Uts_14_0y_0673,16,1y,1,sire,14,0y
Uts_16A_063,17,0y,9,sire,16,A
Uts_16A_063,18,1y,2,sire,16,A
Uts_16A_063,19,2-3y,2,sire,16,A
Uts_14A_058,17,0y,10,sire,14,A
Uts_14A_058,18,1y,2,sire,14,A
Uts_14A_058,19,2-3y,2,sire,14,A
Uts_16A_114,17,0y,44,sire,16,A
Uts_16A_114,18,1y,11,sire,16,A
Uts_16A_114,19,2-3y,3,sire,16,A
Uts_16A_070,17,0y,9,sire,16,A
Uts_16A_070,18,1y,3,sire,16,A
Uts_16A_070,19,2-3y,1,sire,16,A
Uts_16A_066,17,0y,4,sire,16,A
Uts_16A_066,18,1y,1,sire,16,A
Uts_16A_066,19,2-3y,1,sire,16,A
Uts_13_0y_0850,17,0y,1,sire,13,0y
Uts_16A_058,17,0y,5,sire,16,A
Uts_16A_058,19,0y,50,sire,16,A
Uts_16A_058,19,1y,1,sire,16,A
Uts_16A_061,17,0y,4,sire,16,A
Uts_16A_061,18,1y,1,sire,16,A
Uts_16A_061,19,2-3y,2,sire,16,A
Uts_16A_019,17,0y,11,sire,16,A
Uts_16A_019,18,1y,2,sire,16,A
Uts_16A_001,17,0y,30,sire,16,A
Uts_16A_001,18,1y,6,sire,16,A
Uts_16A_001,19,2-3y,2,sire,16,A
Uts_16A_111,17,0y,77,sire,16,A
Uts_16A_111,18,1y,16,sire,16,A
Uts_16A_111,19,2-3y,8,sire,16,A
Uts_16A_081,17,0y,18,sire,16,A
Uts_16A_081,18,1y,4,sire,16,A
Uts_16A_081,19,2-3y,2,sire,16,A
Uts_16A_074,17,0y,36,sire,16,A
Uts_16A_074,18,1y,9,sire,16,A
Uts_16A_074,19,2-3y,6,sire,16,A
Uts_16A_101,17,0y,139,sire,16,A
Uts_16A_101,18,1y,28,sire,16,A
Uts_16A_101,19,2-3y,14,sire,16,A
Uts_16A_014,17,0y,12,sire,16,A
Uts_16A_014,18,1y,2,sire,16,A
Uts_16A_052,17,0y,1,sire,16,A
Uts_16A_052,18,1y,1,sire,16,A
Uts_16A_015,17,0y,50,sire,16,A
Uts_16A_015,18,1y,12,sire,16,A
Uts_16A_015,19,2-3y,5,sire,16,A
Uts_16A_017,17,0y,4,sire,16,A
Uts_16A_017,18,1y,4,sire,16,A
Uts_16A_017,19,2-3y,1,sire,16,A
Uts_16A_004,17,0y,10,sire,16,A
Uts_16A_004,18,1y,4,sire,16,A
Uts_16A_004,19,2-3y,1,sire,16,A
Uts_16A_009,17,0y,4,sire,16,A
Uts_16A_009,18,1y,1,sire,16,A
Uts_16A_009,19,1y,1,sire,16,A
Uts_14_0y_1575,17,0y,1,sire,14,0y
Uts_16A_002,17,0y,34,sire,16,A
Uts_16A_002,18,1y,7,sire,16,A
Uts_16A_002,19,2-3y,1,sire,16,A
Uts_16A_016,17,0y,5,sire,16,A
Uts_16A_016,18,0y,1,sire,16,A
Uts_16A_016,18,1y,4,sire,16,A
Uts_16A_016,19,2-3y,3,sire,16,A
Uts_16A_007,17,0y,81,sire,16,A
Uts_16A_007,18,1y,21,sire,16,A
Uts_16A_007,19,1y,2,sire,16,A
Uts_16A_007,19,2-3y,3,sire,16,A
Uts_16A_008,17,0y,15,sire,16,A
Uts_16A_008,18,1y,5,sire,16,A
Uts_16A_008,19,1y,1,sire,16,A
Uts_16A_079,17,0y,17,sire,16,A
Uts_16A_079,18,1y,1,sire,16,A
Uts_16A_067,17,0y,22,sire,16,A
Uts_16A_067,18,1y,5,sire,16,A
Uts_16A_067,19,2-3y,2,sire,16,A
Uts_16A_018,17,0y,13,sire,16,A
Uts_16A_018,18,1y,3,sire,16,A
Uts_16A_084,17,0y,20,sire,16,A
Uts_16A_084,18,1y,2,sire,16,A
Uts_16A_084,19,1y,1,sire,16,A
Uts_16A_082,17,0y,18,sire,16,A
Uts_16A_082,18,1y,4,sire,16,A
Uts_16A_082,19,2-3y,1,sire,16,A
Uts_16A_053,17,0y,18,sire,16,A
Uts_16A_053,18,1y,2,sire,16,A
Uts_16A_053,19,2-3y,3,sire,16,A
Uts_16A_020,17,0y,7,sire,16,A
Uts_16A_020,18,1y,2,sire,16,A
Uts_16A_103,17,0y,4,sire,16,A
Uts_16A_103,18,1y,3,sire,16,A
Uts_16A_103,19,2-3y,1,sire,16,A
Uts_16A_022,17,0y,38,sire,16,A
Uts_16A_022,18,1y,1,sire,16,A
Uts_16A_022,19,2-3y,3,sire,16,A
Uts_16A_104,17,0y,9,sire,16,A
Uts_16A_104,18,1y,5,sire,16,A
Uts_16A_104,19,2-3y,3,sire,16,A
Uts_16A_055,17,0y,17,sire,16,A
Uts_16A_055,18,1y,1,sire,16,A
Uts_16A_055,19,2-3y,2,sire,16,A
Uts_15_0y_1794,17,0y,1,sire,15,0y
Uts_15_0y_1794,19,2-3y,1,sire,15,0y
Uts_16A_056,17,0y,28,sire,16,A
Uts_16A_056,18,1y,7,sire,16,A
Uts_16A_056,19,2-3y,3,sire,16,A
Uts_15_0y_0825,17,0y,1,sire,15,0y
Uts_15_0y_1141,17,0y,1,sire,15,0y
Uts_16A_113,17,0y,33,sire,16,A
Uts_16A_113,18,1y,8,sire,16,A
Uts_16A_113,19,2-3y,2,sire,16,A
Uts_16A_057,17,0y,3,sire,16,A
Uts_16A_039,17,0y,32,sire,16,A
Uts_16A_039,18,1y,7,sire,16,A
Uts_16A_039,19,1y,2,sire,16,A
Uts_16A_039,19,2-3y,1,sire,16,A
Uts_16A_073,17,0y,43,sire,16,A
Uts_16A_073,18,1y,4,sire,16,A
Uts_16A_073,19,2-3y,2,sire,16,A
Uts_13_1y_0896,17,0y,2,sire,13,1y
Uts_13_1y_0896,18,1y,1,sire,13,1y
Uts_13_1y_0896,19,0y,1,sire,13,1y
Uts_13_1y_0896,19,2-3y,1,sire,13,1y
Uts_16A_107,17,0y,2,sire,16,A
Uts_16A_087,17,0y,115,sire,16,A
Uts_16A_087,18,1y,10,sire,16,A
Uts_16A_087,19,1y,3,sire,16,A
Uts_16A_087,19,2-3y,8,sire,16,A
Uts_16_1y_0140,17,0y,2,sire,16,1y
Uts_14_0y_0864,17,0y,1,sire,14,0y
Uts_18A_022,17,0y,4,sire,18,A
Uts_15_0y_1678,17,0y,5,sire,15,0y
Uts_15_0y_1063,17,0y,3,sire,15,0y
Uts_13_1y_0102,17,0y,1,sire,13,1y
Uts_16A_086,17,0y,1,sire,16,A
Uts_16A_086,18,1y,1,sire,16,A
Uts_15_0y_0821,17,0y,1,sire,15,0y
Uts_16A_110,17,0y,1,sire,16,A
Uts_16A_110,18,1y,1,sire,16,A
Uts_15_0y_0794,17,0y,1,sire,15,0y
Uts_15_0y_1085,17,0y,1,sire,15,0y
Uts_16A_024,17,0y,1,sire,16,A
Uts_16A_024,18,1y,1,sire,16,A
Uts_15_0y_0677,17,0y,1,sire,15,0y
Uts_16A_029,17,0y,3,sire,16,A
Uts_16A_029,18,0y,1,sire,16,A
Uts_16A_029,18,1y,3,sire,16,A
Uts_16_1y_0084,17,0y,1,sire,16,1y
Uts_16_0y_1985,17,0y,1,sire,16,0y
Uts_14_1y_0402,17,0y,1,sire,14,1y
Uts_18A_033,17,0y,1,sire,18,A
Uts_16A_078,17,0y,3,sire,16,A
Uts_16A_028,17,0y,1,sire,16,A
Uts_16A_028,18,1y,3,sire,16,A
Uts_16A_028,19,2-3y,1,sire,16,A
Uts_16_0y_1692,17,0y,1,sire,16,0y
Uts_16_0y_1692,19,0y,1,sire,16,0y
Uts_16A_010,17,0y,1,sire,16,A
Uts_16A_010,18,1y,1,sire,16,A
Uts_16A_010,19,2-3y,1,sire,16,A
Uts_16A_031,17,0y,2,sire,16,A
Uts_14_0y_0226,17,0y,1,sire,14,0y
Uts_14_2y_0133,17,0y,2,sire,14,2y
Uts_13_0y_0186,17,0y,2,sire,13,0y
Uts_13_0y_0186,19,0y,1,sire,13,0y
Uts_18A_046,17,0y,1,sire,18,A
Uts_18A_046,19,0y,28,sire,18,A
Uts_14_0y_0043,17,0y,1,sire,14,0y
Uts_15_0y_0690,17,0y,1,sire,15,0y
Uts_15_0y_0425,17,1y,1,sire,15,0y
Uts_16_1y_0222,17,1y,1,sire,16,1y
Uts_15A_046,17,1y,1,sire,15,A
Uts_15A_046,18,2-3y,1,sire,15,A
Uts_15A_039,17,1y,1,sire,15,A
Uts_15A_039,18,2-3y,1,sire,15,A
Uts_13_0y_0312,17,1y,1,sire,13,0y
Uts_13_0y_0312,19,0y,1,sire,13,0y
Uts_15A_057,17,1y,1,sire,15,A
Uts_14A_061,17,2y,1,sire,14,A
Uts_15_2y_0008,17,2y,1,sire,15,2y
Uts_17A_011,18,0y,97,sire,17,A
Uts_17A_011,19,1y,10,sire,17,A
Uts_17A_011,19,2-3y,2,sire,17,A
Uts_17A_006,18,0y,6,sire,17,A
Uts_17A_057,18,0y,57,sire,17,A
Uts_17A_057,19,1y,4,sire,17,A
Uts_17A_028,18,0y,20,sire,17,A
Uts_17A_028,19,1y,1,sire,17,A
Uts_17A_015,18,0y,36,sire,17,A
Uts_17A_015,19,1y,5,sire,17,A
Uts_17A_023,18,0y,36,sire,17,A
Uts_17A_023,19,1y,4,sire,17,A
Uts_17A_067,18,0y,13,sire,17,A
Uts_17A_067,19,1y,4,sire,17,A
Uts_17A_021,18,0y,37,sire,17,A
Uts_17A_021,19,1y,4,sire,17,A
Uts_17A_021,19,2-3y,1,sire,17,A
Uts_17A_097,18,0y,35,sire,17,A
Uts_17A_097,19,1y,8,sire,17,A
Uts_17A_097,19,2-3y,1,sire,17,A
Uts_17A_085,18,0y,24,sire,17,A
Uts_17A_085,19,1y,3,sire,17,A
Uts_17A_064,18,0y,39,sire,17,A
Uts_17A_064,19,1y,3,sire,17,A
Uts_15A_063,18,0y,54,sire,15,A
Uts_15A_063,19,1y,3,sire,15,A
Uts_15A_063,19,2-3y,1,sire,15,A
Uts_17A_019,18,0y,1,sire,17,A
Uts_17A_053,18,0y,21,sire,17,A
Uts_17A_053,19,1y,5,sire,17,A
Uts_17A_016,18,0y,32,sire,17,A
Uts_17A_016,19,1y,5,sire,17,A
Uts_17A_052,18,0y,9,sire,17,A
Uts_17A_052,19,1y,2,sire,17,A
Uts_17A_004,18,0y,37,sire,17,A
Uts_17A_004,19,1y,5,sire,17,A
Uts_17A_013,18,0y,2,sire,17,A
Uts_17A_029,18,0y,7,sire,17,A
Uts_17A_029,19,1y,2,sire,17,A
Uts_17A_069,18,0y,8,sire,17,A
Uts_17A_069,19,1y,1,sire,17,A
Uts_17A_069,19,2-3y,1,sire,17,A
Uts_17A_030,18,0y,11,sire,17,A
Uts_17A_076,18,0y,9,sire,17,A
Uts_17A_036,18,0y,12,sire,17,A
Uts_17A_050,18,0y,11,sire,17,A
Uts_17A_050,19,1y,6,sire,17,A
Uts_17A_050,19,2-3y,1,sire,17,A
Uts_17A_055,18,0y,5,sire,17,A
Uts_17A_055,19,1y,2,sire,17,A
Uts_17A_001,18,0y,12,sire,17,A
Uts_17A_001,19,1y,3,sire,17,A
Uts_17A_089,18,0y,13,sire,17,A
Uts_17A_089,19,1y,1,sire,17,A
Uts_17A_009,18,0y,5,sire,17,A
Uts_16_1y_0070,18,0y,1,sire,16,1y
Uts_16_1y_0070,19,1y,1,sire,16,1y
Uts_17A_044,18,0y,21,sire,17,A
Uts_17A_044,19,1y,5,sire,17,A
Uts_17A_044,19,2-3y,1,sire,17,A
Uts_17A_061,18,0y,6,sire,17,A
Uts_17A_084,18,0y,2,sire,17,A
Uts_17A_084,19,1y,1,sire,17,A
Uts_17A_083,18,0y,4,sire,17,A
Uts_17A_083,19,1y,1,sire,17,A
Uts_17A_058,18,0y,3,sire,17,A
Uts_17A_058,19,1y,2,sire,17,A
Uts_17A_043,18,0y,2,sire,17,A
Uts_17A_035,18,0y,21,sire,17,A
Uts_17A_035,19,1y,1,sire,17,A
Uts_17A_035,19,2-3y,1,sire,17,A
Uts_15_0y_0845,18,0y,1,sire,15,0y
Uts_15_0y_0845,19,1y,1,sire,15,0y
Uts_17A_070,18,0y,11,sire,17,A
Uts_17A_003,18,0y,2,sire,17,A
Uts_17A_051,18,0y,1,sire,17,A
Uts_17_0y_2636,18,0y,1,sire,17,0y
Uts_17A_022,18,0y,8,sire,17,A
Uts_17A_022,19,1y,1,sire,17,A
Uts_17A_048,18,0y,2,sire,17,A
Uts_12_0y_788,18,0y,1,sire,12,0y
Uts_17A_034,18,0y,7,sire,17,A
Uts_17A_034,19,1y,2,sire,17,A
Uts_17A_041,18,0y,4,sire,17,A
Uts_15_1y_0232,18,0y,1,sire,15,1y
Uts_17A_062,18,0y,2,sire,17,A
Uts_16_0y_1140,18,0y,1,sire,16,0y
Uts_16_1y_0217,18,0y,1,sire,16,1y
Uts_13_1y_0776,18,0y,1,sire,13,1y
Uts_14_0y_0296,18,0y,1,sire,14,0y
Uts_17A_020,18,0y,3,sire,17,A
Uts_17A_020,19,2-3y,1,sire,17,A
Uts_17A_027,18,0y,1,sire,17,A
Uts_17A_014,18,0y,1,sire,17,A
Uts_16_0y_1051,18,0y,1,sire,16,0y
Uts_17A_059,18,0y,1,sire,17,A
Uts_17A_054,18,0y,1,sire,17,A
Uts_14_0y_1333,18,0y,1,sire,14,0y
Uts_16A_092,18,1y,2,sire,16,A
Uts_16_0y_1826,18,1y,1,sire,16,0y
Uts_16A_038,18,1y,2,sire,16,A
Uts_16_0y_0469,18,1y,1,sire,16,0y
Uts_16A_005,18,1y,1,sire,16,A
Uts_16A_026,18,1y,1,sire,16,A
Uts_16A_090,18,1y,2,sire,16,A
Uts_15_0y_1728,18,1y,1,sire,15,0y
Uts_18_2-3y_1819,18,1y,1,sire,18,2-3y
Uts_16_0y_0980,18,1y,1,sire,16,0y
Uts_15_0y_1279,18,1y,1,sire,15,0y
Uts_16A_068,18,1y,1,sire,16,A
Uts_16A_068,19,0y,5,sire,16,A
Uts_16A_021,18,1y,1,sire,16,A
Uts_16A_083,18,1y,1,sire,16,A
Uts_16A_083,19,1y,1,sire,16,A
Uts_18A_037,19,0y,6,sire,18,A
Uts_18A_009,19,0y,30,sire,18,A
Uts_18A_081,19,0y,11,sire,18,A
Uts_18A_020,19,0y,5,sire,18,A
Uts_18A_068,19,0y,12,sire,18,A
Uts_18A_059,19,0y,10,sire,18,A
Uts_18A_082,19,0y,12,sire,18,A
Uts_18A_007,19,0y,2,sire,18,A
Uts_18A_047,19,0y,26,sire,18,A
Uts_18_0y_1822,19,0y,1,sire,18,0y
Uts_18A_017,19,0y,17,sire,18,A
Uts_18A_015,19,0y,5,sire,18,A
Uts_18A_057,19,0y,14,sire,18,A
Uts_18A_110,19,0y,4,sire,18,A
Uts_18A_055,19,0y,1,sire,18,A
Uts_18A_054,19,0y,4,sire,18,A
Uts_18A_029,19,0y,3,sire,18,A
Uts_18A_013,19,0y,10,sire,18,A
Uts_18A_014,19,0y,4,sire,18,A
Uts_18A_113,19,0y,2,sire,18,A
Uts_18A_066,19,0y,10,sire,18,A
Uts_13_0y_0300,19,0y,1,sire,13,0y
Uts_12_0y_276,19,0y,1,sire,12,0y
Uts_18A_072,19,0y,10,sire,18,A
Uts_18A_092,19,0y,1,sire,18,A
Uts_18A_056,19,0y,4,sire,18,A
Uts_17_0y_0773,19,0y,1,sire,17,0y
Uts_13_0y_0061,19,0y,2,sire,13,0y
Uts_18A_006,19,0y,4,sire,18,A
Uts_18A_101,19,0y,4,sire,18,A
Uts_18A_012,19,0y,10,sire,18,A
Uts_18A_090,19,0y,6,sire,18,A
Uts_17_1y_1156,19,0y,1,sire,17,1y
Uts_17_0y_1718,19,0y,1,sire,17,0y
Uts_18A_062,19,0y,1,sire,18,A
Uts_14_0y_0936,19,0y,1,sire,14,0y
Uts_18A_053,19,0y,6,sire,18,A
Uts_16_0y_1432,19,0y,1,sire,16,0y
Uts_17_0y_1005,19,0y,1,sire,17,0y
Uts_13_0y_0259,19,0y,1,sire,13,0y
Uts_18A_049,19,0y,3,sire,18,A
Uts_18_0y_1333,19,0y,1,sire,18,0y
Uts_18A_023,19,0y,8,sire,18,A
Uts_18A_115,19,0y,4,sire,18,A
Uts_18A_107,19,0y,1,sire,18,A
Uts_18A_106,19,0y,5,sire,18,A
Uts_13_0y_0922,19,0y,1,sire,13,0y
Uts_16_0y_1318,19,0y,1,sire,16,0y
Uts_18A_010,19,0y,1,sire,18,A
Uts_15_1y_0345,19,0y,1,sire,15,1y
Uts_13_0y_0243,19,0y,1,sire,13,0y
Uts_18A_050,19,0y,5,sire,18,A
Uts_18A_034,19,0y,1,sire,18,A
Uts_18A_008,19,0y,2,sire,18,A
Uts_18A_024,19,0y,1,sire,18,A
Uts_18_2-3y_1125,19,0y,2,sire,18,2-3y
Uts_14_0y_0150,19,0y,1,sire,14,0y
Uts_18A_002,19,0y,4,sire,18,A
Uts_13_1y_0086,19,0y,1,sire,13,1y
Uts_13_0y_0245,19,0y,1,sire,13,0y
Uts_18_1y_2210,19,0y,1,sire,18,1y
Uts_17_0y_2582,19,0y,1,sire,17,0y
Uts_18A_032,19,0y,1,sire,18,A
Uts_12_0y_399,19,0y,1,sire,12,0y
Uts_12_0y_242,19,0y,1,sire,12,0y
Uts_16_0y_0367,19,0y,1,sire,16,0y
Uts_16_0y_0359,19,0y,1,sire,16,0y
Uts_12_0y_359,19,0y,1,sire,12,0y
Uts_14_0y_0241,19,0y,1,sire,14,0y
Uts_14_0y_0953,19,0y,1,sire,14,0y
Uts_18_0y_1899,19,0y,1,sire,18,0y
Uts_17_0y_2141,19,0y,1,sire,17,0y
Uts_17_0y_0086,19,0y,1,sire,17,0y
Uts_18_2-3y_1677,19,0y,1,sire,18,2-3y
Uts_17_0y_0066,19,0y,1,sire,17,0y
Uts_13_1y_0242,19,0y,1,sire,13,1y
Uts_14_0y_1464,19,0y,1,sire,14,0y
Uts_18A_091,19,0y,1,sire,18,A
Uts_13_0y_0191,19,0y,1,sire,13,0y
Uts_18A_078,19,0y,1,sire,18,A
Uts_16_0y_0364,19,0y,1,sire,16,0y
Uts_18A_104,19,0y,1,sire,18,A
Uts_14_0y_0959,19,0y,1,sire,14,0y
Uts_14_1y_0019,19,0y,1,sire,14,1y
Uts_18A_065,19,0y,1,sire,18,A
Uts_17_0y_2174,19,0y,1,sire,17,0y
Uts_14_2y_0091,19,0y,1,sire,14,2y
Uts_18A_028,19,0y,1,sire,18,A
Uts_15_0y_0036,19,0y,1,sire,15,0y
Uts_18_1y_1793,19,1y,1,sire,18,1y
Uts_17A_042,19,1y,1,sire,17,A
Uts_17A_049,19,1y,1,sire,17,A
Uts_17A_049,19,2-3y,1,sire,17,A
Uts_16_0y_1942,19,1y,1,sire,16,0y
Uts_17_0y_0378,19,1y,1,sire,17,0y
Uts_13_0y_0363,19,2-3y,1,sire,13,0y
Uts_15_0y_1239,19,2-3y,1,sire,15,0y
Uts_15_0y_1835,19,2-3y,1,sire,15,0y
Uts_15_0y_1583,19,2-3y,1,sire,15,0y
Uts_18_2-3y_1816,19,2-3y,1,sire,18,2-3y
Uts_17A_038,19,2-3y,1,sire,17,A
Uts_17A_065,19,2-3y,1,sire,17,A
Uts_17_1y_0806,19,2-3y,1,sire,17,1y
