"","sire","type","year","class","n.default","n.conserved","n.informed","Sex","BirthYear"
"1","Uts_11A_01","Adult",2011,"adult",2,2,2,2,2005
"2","Uts_11A_02","Adult",2011,"adult",6,6,6,2,2005
"3","Uts_11A_05","Adult",2011,"adult",1,1,1,2,2005
"4","Uts_11A_06","Adult",2011,"adult",25,25,25,2,2005
"5","Uts_11A_07","Adult",2011,"adult",28,28,28,2,2005
"6","Uts_11A_08","Adult",2011,"adult",4,4,4,2,2005
"7","Uts_11A_09","Adult",2011,"adult",15,15,15,2,2005
"8","Uts_11A_11","Adult",2011,"adult",4,4,4,2,2005
"9","Uts_11A_12","Adult",2011,"adult",29,29,29,2,2005
"10","Uts_11A_14","Adult",2011,"adult",1,1,1,2,2005
"11","Uts_11A_15","Adult",2011,"adult",15,15,15,2,2005
"12","Uts_11A_16","Adult",2011,"adult",9,9,9,2,2005
"13","Uts_11A_17","Adult",2011,"adult",35,36,36,2,2005
"14","Uts_11A_18","Adult",2011,"adult",18,18,18,2,2005
"15","Uts_11A_19","Adult",2011,"adult",8,8,8,2,2005
"16","Uts_11A_20","Adult",2011,"adult",11,11,11,2,2005
"17","Uts_11A_23","Adult",2011,"adult",1,1,1,2,2005
"18","Uts_11A_24","Adult",2011,"adult",1,1,1,2,2005
"19","Uts_11A_25","Adult",2011,"adult",2,2,2,2,2005
"20","Uts_11A_26","Adult",2011,"adult",36,36,36,2,2005
"21","Uts_11A_30","Adult",2011,"adult",1,1,1,2,2005
"22","Uts_11A_34","Adult",2011,"adult",91,91,91,2,2005
"23","Uts_11A_36","Adult",2011,"adult",74,74,74,2,2005
"24","Uts_11A_38","Adult",2011,"adult",7,7,7,2,2005
"25","Uts_11A_40","Adult",2011,"adult",60,60,60,2,2005
"26","Uts_11A_42","Adult",2011,"adult",32,32,32,2,2005
"27","Uts_11A_43","Adult",2011,"adult",7,7,7,2,2005
"28","Uts_11A_44","Adult",2011,"adult",2,2,2,2,2005
"29","Uts_11A_48","Adult",2011,"adult",1,1,1,2,2005
"30","Uts_11A_49","Adult",2011,"adult",3,3,3,2,2005
"31","Uts_11A_51","Adult",2011,"adult",7,7,7,2,2005
"32","Uts_11A_54","Adult",2011,"adult",5,5,5,2,2005
"33","Uts_12_0y_072","Offspring",2012,"0y",2,NA,2,2,2012
"34","Uts_12_0y_106","Offspring",2012,"0y",2,NA,1,2,2012
"35","Uts_12_0y_242","Offspring",2012,"0y",1,1,1,2,2012
"36","Uts_12_0y_276","Offspring",2012,"0y",1,1,1,2,2012
"37","Uts_12_0y_359","Offspring",2012,"0y",1,1,1,2,2012
"38","Uts_12_0y_399","Offspring",2012,"0y",1,1,1,2,2012
"39","Uts_12_0y_437","Offspring",2012,"0y",1,NA,1,2,2012
"40","Uts_12_0y_483","Offspring",2012,"0y",2,NA,NA,2,2012
"41","Uts_12_0y_488","Offspring",2012,"0y",1,NA,1,2,2012
"42","Uts_12_0y_665","Offspring",2012,"0y",2,NA,2,2,2012
"43","Uts_12_0y_788","Offspring",2012,"0y",1,1,1,2,2012
"44","Uts_12A_005","Adult",2012,"adult",31,31,31,2,2006
"45","Uts_12A_006","Adult",2012,"adult",7,7,7,2,2007
"46","Uts_12A_007","Adult",2012,"adult",12,12,12,2,2005
"47","Uts_12A_008","Adult",2012,"adult",3,3,3,2,2008
"48","Uts_12A_009","Adult",2012,"adult",18,18,18,2,2007
"49","Uts_12A_010","Adult",2012,"adult",5,5,5,2,2006
"50","Uts_12A_011","Adult",2012,"adult",9,9,9,2,2006
"51","Uts_12A_014","Adult",2012,"adult",2,2,2,2,2007
"52","Uts_12A_015","Adult",2012,"adult",6,6,6,2,2007
"53","Uts_12A_016","Adult",2012,"adult",22,22,22,2,2007
"54","Uts_12A_017","Adult",2012,"adult",22,22,22,2,2006
"55","Uts_12A_022","Adult",2012,"adult",22,22,22,2,2006
"56","Uts_12A_023","Adult",2012,"adult",2,2,2,2,2008
"57","Uts_12A_028","Adult",2012,"adult",2,2,2,2,2007
"58","Uts_12A_033","Adult",2012,"adult",2,2,2,2,2006
"59","Uts_12A_034","Adult",2012,"adult",36,36,36,2,2007
"60","Uts_12A_035","Adult",2012,"adult",1,1,1,2,2007
"61","Uts_12A_036","Adult",2012,"adult",44,44,44,2,2007
"62","Uts_13_0y_0061","Offspring",2013,"0y",2,2,2,2,2013
"63","Uts_13_0y_0108","Offspring",2013,"0y",1,NA,1,2,2013
"64","Uts_13_0y_0182","Offspring",2013,"0y",3,2,3,2,2013
"65","Uts_13_0y_0185","Offspring",2013,"0y",1,NA,1,2,2013
"66","Uts_13_0y_0186","Offspring",2013,"0y",3,2,3,2,2013
"67","Uts_13_0y_0191","Offspring",2013,"0y",1,1,1,2,2013
"68","Uts_13_0y_0226","Offspring",2013,"0y",1,NA,1,2,2013
"69","Uts_13_0y_0243","Offspring",2013,"0y",1,1,1,2,2013
"70","Uts_13_0y_0245","Offspring",2013,"0y",1,1,1,2,2013
"71","Uts_13_0y_0259","Offspring",2013,"0y",1,1,1,2,2013
"72","Uts_13_0y_0297","Offspring",2013,"0y",1,NA,1,2,2013
"73","Uts_13_0y_0300","Offspring",2013,"0y",1,2,1,2,2013
"74","Uts_13_0y_0312","Offspring",2013,"0y",2,1,2,2,2013
"75","Uts_13_0y_0320","Offspring",2013,"0y",1,NA,1,2,2013
"76","Uts_13_0y_0331","Offspring",2013,"0y",1,NA,1,2,2013
"77","Uts_13_0y_0340","Offspring",2013,"0y",1,NA,1,2,2013
"78","Uts_13_0y_0347","Offspring",2013,"0y",2,NA,2,2,2013
"79","Uts_13_0y_0363","Offspring",2013,"0y",1,1,1,2,2013
"80","Uts_13_0y_0378","Offspring",2013,"0y",1,NA,1,2,2013
"81","Uts_13_0y_0410","Offspring",2013,"0y",1,NA,1,2,2013
"82","Uts_13_0y_0421","Offspring",2013,"0y",1,NA,1,2,2013
"83","Uts_13_0y_0494","Offspring",2013,"0y",1,NA,2,2,2013
"84","Uts_13_0y_0528","Offspring",2013,"0y",1,NA,1,2,2013
"85","Uts_13_0y_0588","Offspring",2013,"0y",1,NA,1,2,2013
"86","Uts_13_0y_0590","Offspring",2013,"0y",2,NA,2,2,2013
"87","Uts_13_0y_0613","Offspring",2013,"0y",1,NA,1,2,2013
"88","Uts_13_0y_0618","Offspring",2013,"0y",1,NA,1,2,2013
"89","Uts_13_0y_0626","Offspring",2013,"0y",1,NA,1,2,2013
"90","Uts_13_0y_0630","Offspring",2013,"0y",1,NA,1,2,2013
"91","Uts_13_0y_0632","Offspring",2013,"0y",1,NA,1,2,2013
"92","Uts_13_0y_0638","Offspring",2013,"0y",1,NA,2,2,2013
"93","Uts_13_0y_0653","Offspring",2013,"0y",1,NA,1,2,2013
"94","Uts_13_0y_0726","Offspring",2013,"0y",2,NA,2,2,2013
"95","Uts_13_0y_0763","Offspring",2013,"0y",2,NA,1,2,2013
"96","Uts_13_0y_0792","Offspring",2013,"0y",1,NA,1,2,2013
"97","Uts_13_0y_0850","Offspring",2013,"0y",1,1,1,2,2013
"98","Uts_13_0y_0892","Offspring",2013,"0y",1,NA,NA,2,2013
"99","Uts_13_0y_0922","Offspring",2013,"0y",1,1,1,2,2013
"100","Uts_13_0y_0937","Offspring",2013,"0y",1,NA,1,2,2013
"101","Uts_13_0y_0939","Offspring",2013,"0y",1,NA,1,2,2013
"102","Uts_13_0y_1002","Offspring",2013,"0y",1,NA,NA,2,2013
"103","Uts_13_1y_0086","Offspring",2013,"1y",1,1,1,2,2012
"104","Uts_13_1y_0102","Offspring",2013,"1y",1,1,1,2,2012
"105","Uts_13_1y_0242","Offspring",2013,"1y",1,2,1,2,2012
"106","Uts_13_1y_0281","Offspring",2013,"1y",1,NA,1,2,2012
"107","Uts_13_1y_0296","Offspring",2013,"1y",1,NA,NA,2,2012
"108","Uts_13_1y_0396","Offspring",2013,"1y",2,NA,3,2,2012
"109","Uts_13_1y_0470","Offspring",2013,"1y",2,1,2,2,2012
"110","Uts_13_1y_0638","Offspring",2013,"1y",1,NA,1,2,2012
"111","Uts_13_1y_0773","Offspring",2013,"1y",1,NA,1,2,2012
"112","Uts_13_1y_0776","Offspring",2013,"1y",1,1,1,2,2012
"113","Uts_13_1y_0789","Offspring",2013,"1y",1,NA,NA,2,2012
"114","Uts_13_1y_0853","Offspring",2013,"1y",1,NA,1,2,2012
"115","Uts_13_1y_0883","Offspring",2013,"1y",1,NA,1,2,2012
"116","Uts_13_1y_0896","Offspring",2013,"1y",5,5,5,2,2012
"117","Uts_13_1y_0905","Offspring",2013,"1y",1,NA,1,2,2012
"118","Uts_13A_001","Adult",2013,"adult",9,9,9,2,2008
"119","Uts_13A_002","Adult",2013,"adult",1,1,1,2,2008
"120","Uts_13A_006","Adult",2013,"adult",9,9,9,2,2008
"121","Uts_13A_007","Adult",2013,"adult",3,3,3,2,2008
"122","Uts_13A_009","Adult",2013,"adult",22,22,22,2,2008
"123","Uts_13A_013","Adult",2013,"adult",55,55,55,2,2007
"124","Uts_13A_014","Adult",2013,"adult",5,5,5,2,2007
"125","Uts_13A_016","Adult",2013,"adult",9,9,9,2,2008
"126","Uts_13A_019","Adult",2013,"adult",5,5,5,2,2008
"127","Uts_13A_020","Adult",2013,"adult",1,1,1,2,2008
"128","Uts_13A_023","Adult",2013,"adult",36,36,36,2,2006
"129","Uts_13A_024","Adult",2013,"adult",164,164,164,2,2007
"130","Uts_13A_026","Adult",2013,"adult",13,13,13,2,2009
"131","Uts_13A_028","Adult",2013,"adult",20,20,20,2,2007
"132","Uts_13A_029","Adult",2013,"adult",34,34,34,2,2007
"133","Uts_13A_030","Adult",2013,"adult",1,1,1,2,2008
"134","Uts_13A_031","Adult",2013,"adult",5,5,5,2,2008
"135","Uts_13A_036","Adult",2013,"adult",9,9,9,2,2008
"136","Uts_13A_038","Adult",2013,"adult",2,2,2,2,2008
"137","Uts_13A_041","Adult",2013,"adult",5,5,5,2,2007
"138","Uts_13A_043","Adult",2013,"adult",179,179,179,2,2007
"139","Uts_13A_050","Adult",2013,"adult",47,47,47,2,2008
"140","Uts_13A_051","Adult",2013,"adult",7,7,7,2,2008
"141","Uts_13A_053","Adult",2013,"adult",1,1,1,2,2007
"142","Uts_13A_055","Adult",2013,"adult",27,27,27,2,2008
"143","Uts_13A_056","Adult",2013,"adult",59,59,59,2,2008
"144","Uts_13A_057","Adult",2013,"adult",6,6,6,2,2008
"145","Uts_13A_063","Adult",2013,"adult",17,17,17,2,2008
"146","Uts_14_0y_0043","Offspring",2014,"0y",1,NA,1,2,2014
"147","Uts_14_0y_0147","Offspring",2014,"0y",1,NA,1,2,2014
"148","Uts_14_0y_0150","Offspring",2014,"0y",1,1,1,2,2014
"149","Uts_14_0y_0226","Offspring",2014,"0y",1,NA,1,2,2014
"150","Uts_14_0y_0241","Offspring",2014,"0y",1,1,1,2,2014
"151","Uts_14_0y_0296","Offspring",2014,"0y",1,1,1,2,2014
"152","Uts_14_0y_0370","Offspring",2014,"0y",1,NA,1,2,2014
"153","Uts_14_0y_0417","Offspring",2014,"0y",1,NA,1,2,2014
"154","Uts_14_0y_0508","Offspring",2014,"0y",1,NA,2,2,2014
"155","Uts_14_0y_0673","Offspring",2014,"0y",1,NA,NA,2,2014
"156","Uts_14_0y_0844","Offspring",2014,"0y",1,NA,1,2,2014
"157","Uts_14_0y_0864","Offspring",2014,"0y",1,NA,1,2,2014
"158","Uts_14_0y_0936","Offspring",2014,"0y",1,1,1,2,2014
"159","Uts_14_0y_0953","Offspring",2014,"0y",1,1,1,2,2014
"160","Uts_14_0y_0959","Offspring",2014,"0y",1,1,1,2,2014
"161","Uts_14_0y_1117","Offspring",2014,"0y",2,NA,3,2,2014
"162","Uts_14_0y_1333","Offspring",2014,"0y",1,1,1,2,2014
"163","Uts_14_0y_1464","Offspring",2014,"0y",1,1,1,2,2014
"164","Uts_14_0y_1575","Offspring",2014,"0y",1,NA,1,2,2014
"165","Uts_14_1y_0019","Offspring",2014,"1y",1,1,1,2,2013
"166","Uts_14_1y_0123","Offspring",2014,"1y",1,NA,1,2,2013
"167","Uts_14_1y_0261","Offspring",2014,"1y",1,NA,1,2,2013
"168","Uts_14_1y_0333","Offspring",2014,"1y",1,NA,1,2,2013
"169","Uts_14_1y_0402","Offspring",2014,"1y",1,1,1,2,2013
"170","Uts_14_2pp_050","Offspring",2014,"2y",5,NA,5,2,2012
"171","Uts_14_2pp_051","Offspring",2014,"2y",1,NA,1,2,2012
"172","Uts_14_2pp_178","Offspring",2014,"2y",1,NA,1,2,2012
"173","Uts_14_2y_0091","Offspring",2014,"2y",1,1,1,2,2012
"174","Uts_14_2y_0111","Offspring",2014,"2y",1,NA,1,2,2012
"175","Uts_14_2y_0133","Offspring",2014,"2y",2,2,2,2,2012
"176","Uts_14_2y_0163","Offspring",2014,"2y",2,NA,2,2,2012
"177","Uts_14A_002","Adult",2014,"adult",3,3,3,2,2009
"178","Uts_14A_005","Adult",2014,"adult",2,2,2,2,2008
"179","Uts_14A_012","Adult",2014,"adult",51,51,51,2,2009
"180","Uts_14A_017","Adult",2014,"adult",1,1,1,2,2010
"181","Uts_14A_019","Adult",2014,"adult",11,12,12,2,2010
"182","Uts_14A_020","Adult",2014,"adult",14,14,14,2,2009
"183","Uts_14A_022","Adult",2014,"adult",3,3,3,2,2009
"184","Uts_14A_025","Adult",2014,"adult",41,41,41,2,2010
"185","Uts_14A_027","Adult",2014,"adult",20,20,20,2,2008
"186","Uts_14A_030","Adult",2014,"adult",23,23,23,2,2010
"187","Uts_14A_031","Adult",2014,"adult",3,3,3,2,2010
"188","Uts_14A_033","Adult",2014,"adult",18,18,18,2,2009
"189","Uts_14A_040","Adult",2014,"adult",8,8,8,2,2009
"190","Uts_14A_041","Adult",2014,"adult",11,11,11,2,2008
"191","Uts_14A_042","Adult",2014,"adult",7,7,7,2,2009
"192","Uts_14A_043","Adult",2014,"adult",6,6,6,2,2010
"193","Uts_14A_044","Adult",2014,"adult",5,5,5,2,2010
"194","Uts_14A_046","Adult",2014,"adult",3,3,3,2,2007
"195","Uts_14A_053","Adult",2014,"adult",21,21,21,2,2008
"196","Uts_14A_054","Adult",2014,"adult",8,8,8,2,2010
"197","Uts_14A_055","Adult",2014,"adult",18,18,18,2,2010
"198","Uts_14A_058","Adult",2014,"adult",14,14,14,2,2009
"199","Uts_14A_060","Adult",2014,"adult",9,9,9,2,2010
"200","Uts_14A_061","Adult",2014,"adult",1,1,1,2,2010
"201","Uts_14A_064","Adult",2014,"adult",3,3,3,2,2009
"202","Uts_14A_065","Adult",2014,"adult",8,8,8,2,2009
"203","Uts_14A_067","Adult",2014,"adult",7,7,7,2,2008
"204","Uts_14A_068","Adult",2014,"adult",69,69,69,2,2008
"205","Uts_14A_069","Adult",2014,"adult",2,2,2,2,2010
"206","Uts_14A_072","Adult",2014,"adult",1,1,1,2,2008
"207","Uts_14A_073","Adult",2014,"adult",3,3,3,2,2009
"208","Uts_14A_074","Adult",2014,"adult",7,7,7,2,2009
"209","Uts_14A_076","Adult",2014,"adult",15,18,17,2,2010
"210","Uts_14A_083","Adult",2014,"adult",94,95,95,2,2010
"211","Uts_14A_085","Adult",2014,"adult",30,30,30,2,2007
"212","Uts_14A_088","Adult",2014,"adult",41,41,41,2,2007
"213","Uts_14A_089","Adult",2014,"adult",43,44,44,2,2006
"214","Uts_14A_091","Adult",2014,"adult",177,178,178,2,2006
"215","Uts_14A_092","Adult",2014,"adult",7,7,7,2,2010
"216","Uts_14A_096","Adult",2014,"adult",31,31,31,2,2008
"217","Uts_14A_097","Adult",2014,"adult",9,9,9,2,2010
"218","Uts_14A_099","Adult",2014,"adult",13,13,13,2,2010
"219","Uts_14A_103","Adult",2014,"adult",32,32,32,2,2009
"220","Uts_14A_106","Adult",2014,"adult",14,14,14,2,2008
"221","Uts_14A_110","Adult",2014,"adult",1,1,1,2,2010
"222","Uts_15_0y_0036","Offspring",2015,"0y",1,1,1,2,2015
"223","Uts_15_0y_0425","Offspring",2015,"0y",1,NA,NA,2,2015
"224","Uts_15_0y_0677","Offspring",2015,"0y",1,NA,1,2,2015
"225","Uts_15_0y_0690","Offspring",2015,"0y",1,NA,1,2,2015
"226","Uts_15_0y_0794","Offspring",2015,"0y",1,NA,1,2,2015
"227","Uts_15_0y_0821","Offspring",2015,"0y",1,NA,1,2,2015
"228","Uts_15_0y_0825","Offspring",2015,"0y",1,NA,1,2,2015
"229","Uts_15_0y_0845","Offspring",2015,"0y",2,NA,2,2,2015
"230","Uts_15_0y_1063","Offspring",2015,"0y",3,NA,1,2,2015
"231","Uts_15_0y_1085","Offspring",2015,"0y",1,NA,1,2,2015
"232","Uts_15_0y_1141","Offspring",2015,"0y",1,NA,1,2,2015
"233","Uts_15_0y_1239","Offspring",2015,"0y",1,NA,1,2,2015
"234","Uts_15_0y_1279","Offspring",2015,"0y",1,NA,1,2,2015
"235","Uts_15_0y_1583","Offspring",2015,"0y",1,NA,1,2,2015
"236","Uts_15_0y_1678","Offspring",2015,"0y",5,NA,5,2,2015
"237","Uts_15_0y_1728","Offspring",2015,"0y",1,NA,1,2,2015
"238","Uts_15_0y_1794","Offspring",2015,"0y",2,NA,2,2,2015
"239","Uts_15_0y_1835","Offspring",2015,"0y",1,NA,1,2,2015
"240","Uts_15_1y_0232","Offspring",2015,"1y",1,1,1,2,2014
"241","Uts_15_1y_0345","Offspring",2015,"1y",1,1,1,2,2014
"242","Uts_15_1y_0349","Offspring",2015,"1y",1,NA,1,2,2014
"243","Uts_15_2y_0008","Offspring",2015,"2y",1,NA,1,2,2013
"244","Uts_15_2y_0109","Offspring",2015,"2y",4,4,4,2,2013
"245","Uts_15_2y_0118","Offspring",2015,"2y",1,NA,1,2,2013
"246","Uts_15A_004","Adult",2015,"adult",4,4,4,2,2011
"247","Uts_15A_005","Adult",2015,"adult",159,159,159,2,2010
"248","Uts_15A_006","Adult",2015,"adult",34,34,34,2,2011
"249","Uts_15A_007","Adult",2015,"adult",1,1,1,2,2010
"250","Uts_15A_008","Adult",2015,"adult",2,2,2,2,2010
"251","Uts_15A_009","Adult",2015,"adult",29,29,29,2,2011
"252","Uts_15A_013","Adult",2015,"adult",25,25,25,2,2010
"253","Uts_15A_014","Adult",2015,"adult",28,28,28,2,2011
"254","Uts_15A_016","Adult",2015,"adult",12,12,12,2,2010
"255","Uts_15A_017","Adult",2015,"adult",44,44,44,2,2010
"256","Uts_15A_020","Adult",2015,"adult",153,153,153,2,2009
"257","Uts_15A_022","Adult",2015,"adult",16,16,16,2,2011
"258","Uts_15A_023","Adult",2015,"adult",6,6,6,2,2011
"259","Uts_15A_024","Adult",2015,"adult",12,12,12,2,2011
"260","Uts_15A_025","Adult",2015,"adult",3,3,3,2,2009
"261","Uts_15A_028","Adult",2015,"adult",10,10,10,2,2010
"262","Uts_15A_029","Adult",2015,"adult",246,246,246,2,2009
"263","Uts_15A_032","Adult",2015,"adult",85,85,85,2,2010
"264","Uts_15A_033","Adult",2015,"adult",4,4,4,2,2011
"265","Uts_15A_035","Adult",2015,"adult",7,7,7,2,2010
"266","Uts_15A_038","Adult",2015,"adult",15,15,15,2,2009
"267","Uts_15A_039","Adult",2015,"adult",2,2,2,2,2011
"268","Uts_15A_041","Adult",2015,"adult",17,17,17,2,2009
"269","Uts_15A_042","Adult",2015,"adult",23,23,23,2,2011
"270","Uts_15A_046","Adult",2015,"adult",2,2,2,2,2010
"271","Uts_15A_048","Adult",2015,"adult",19,19,19,2,2011
"272","Uts_15A_049","Adult",2015,"adult",1,1,1,2,2011
"273","Uts_15A_050","Adult",2015,"adult",9,9,9,2,2011
"274","Uts_15A_052","Adult",2015,"adult",20,20,20,2,2011
"275","Uts_15A_053","Adult",2015,"adult",1,NA,1,2,2011
"276","Uts_15A_056","Adult",2015,"adult",58,58,58,2,2011
"277","Uts_15A_057","Adult",2015,"adult",1,1,1,2,2011
"278","Uts_15A_061","Adult",2015,"adult",10,10,10,2,2011
"279","Uts_15A_063","Adult",2015,"adult",58,58,58,2,2011
"280","Uts_15A_064","Adult",2015,"adult",38,38,38,2,2010
"281","Uts_15A_070","Adult",2015,"adult",301,303,301,2,2009
"282","Uts_15A_071","Adult",2015,"adult",13,13,13,2,2009
"283","Uts_15A_072","Adult",2015,"adult",15,15,15,2,2011
"284","Uts_15A_073","Adult",2015,"adult",15,15,15,2,2011
"285","Uts_15A_074","Adult",2015,"adult",2,2,2,2,2010
"286","Uts_15A_076","Adult",2015,"adult",79,79,79,2,2010
"287","Uts_15A_079","Adult",2015,"adult",76,76,76,2,2011
"288","Uts_15A_080","Adult",2015,"adult",16,16,16,2,2009
"289","Uts_15A_081","Adult",2015,"adult",1,1,1,2,2010
"290","Uts_16_0y_0359","Offspring",2016,"0y",1,NA,1,2,2016
"291","Uts_16_0y_0364","Offspring",2016,"0y",1,NA,1,2,2016
"292","Uts_16_0y_0367","Offspring",2016,"0y",1,NA,1,2,2016
"293","Uts_16_0y_0469","Offspring",2016,"0y",1,NA,NA,2,2016
"294","Uts_16_0y_0980","Offspring",2016,"0y",1,NA,NA,2,2016
"295","Uts_16_0y_1051","Offspring",2016,"0y",1,NA,1,2,2016
"296","Uts_16_0y_1140","Offspring",2016,"0y",1,NA,1,2,2016
"297","Uts_16_0y_1318","Offspring",2016,"0y",1,NA,1,2,2016
"298","Uts_16_0y_1432","Offspring",2016,"0y",1,NA,1,2,2016
"299","Uts_16_0y_1692","Offspring",2016,"0y",2,NA,NA,2,2016
"300","Uts_16_0y_1826","Offspring",2016,"0y",1,NA,NA,2,2016
"301","Uts_16_0y_1942","Offspring",2016,"0y",1,NA,1,2,2016
"302","Uts_16_0y_1985","Offspring",2016,"0y",1,NA,NA,2,2016
"303","Uts_16_1y_0070","Offspring",2016,"1y",2,NA,2,2,2015
"304","Uts_16_1y_0084","Offspring",2016,"1y",1,NA,1,2,2015
"305","Uts_16_1y_0140","Offspring",2016,"1y",2,NA,2,2,2015
"306","Uts_16_1y_0217","Offspring",2016,"1y",1,NA,1,2,2015
"307","Uts_16_1y_0222","Offspring",2016,"1y",1,NA,NA,2,2015
"308","Uts_16_2y_0015","Offspring",2016,"2y",1,NA,NA,2,2014
"309","Uts_16_2y_0025","Offspring",2016,"2y",1,NA,NA,2,2014
"310","Uts_16_3y_0012","Offspring",2016,"3y",3,NA,NA,2,2013
"311","Uts_16_3y_0029","Offspring",2016,"3y",4,NA,NA,2,2013
"312","Uts_16_3y_0037","Offspring",2016,"3y",1,NA,NA,2,2013
"313","Uts_16A_001","Adult",2016,"adult",38,38,38,2,2012
"314","Uts_16A_002","Adult",2016,"adult",42,42,41,2,2012
"315","Uts_16A_004","Adult",2016,"adult",15,15,15,2,2010
"316","Uts_16A_005","Adult",2016,"adult",1,1,1,2,2012
"317","Uts_16A_007","Adult",2016,"adult",107,107,107,2,2010
"318","Uts_16A_008","Adult",2016,"adult",21,21,21,2,2012
"319","Uts_16A_009","Adult",2016,"adult",6,6,6,2,2012
"320","Uts_16A_010","Adult",2016,"adult",3,3,3,2,2012
"321","Uts_16A_014","Adult",2016,"adult",14,15,14,2,2012
"322","Uts_16A_015","Adult",2016,"adult",67,67,67,2,2011
"323","Uts_16A_016","Adult",2016,"adult",13,13,13,2,2012
"324","Uts_16A_017","Adult",2016,"adult",9,9,9,2,2010
"325","Uts_16A_018","Adult",2016,"adult",16,16,16,2,2012
"326","Uts_16A_019","Adult",2016,"adult",13,14,13,2,2012
"327","Uts_16A_020","Adult",2016,"adult",9,9,9,2,2012
"328","Uts_16A_021","Adult",2016,"adult",1,1,1,2,2012
"329","Uts_16A_022","Adult",2016,"adult",42,42,42,2,2012
"330","Uts_16A_024","Adult",2016,"adult",2,2,2,2,2011
"331","Uts_16A_026","Adult",2016,"adult",1,1,1,2,2012
"332","Uts_16A_028","Adult",2016,"adult",5,5,5,2,2011
"333","Uts_16A_029","Adult",2016,"adult",7,7,7,2,2012
"334","Uts_16A_031","Adult",2016,"adult",2,2,2,2,2010
"335","Uts_16A_038","Adult",2016,"adult",2,2,2,2,2011
"336","Uts_16A_039","Adult",2016,"adult",42,42,42,2,2011
"337","Uts_16A_041","Adult",2016,"adult",5,5,5,2,2011
"338","Uts_16A_047","Adult",2016,"adult",15,15,15,2,2011
"339","Uts_16A_052","Adult",2016,"adult",2,2,2,2,2012
"340","Uts_16A_053","Adult",2016,"adult",23,23,23,2,2011
"341","Uts_16A_055","Adult",2016,"adult",20,20,20,2,2012
"342","Uts_16A_056","Adult",2016,"adult",38,39,38,2,2010
"343","Uts_16A_057","Adult",2016,"adult",3,7,3,2,2010
"344","Uts_16A_058","Adult",2016,"adult",56,56,56,2,2012
"345","Uts_16A_061","Adult",2016,"adult",7,6,7,2,2012
"346","Uts_16A_063","Adult",2016,"adult",13,13,13,2,2012
"347","Uts_16A_066","Adult",2016,"adult",6,6,6,2,2011
"348","Uts_16A_067","Adult",2016,"adult",29,29,29,2,2011
"349","Uts_16A_068","Adult",2016,"adult",6,6,6,2,2012
"350","Uts_16A_070","Adult",2016,"adult",13,13,13,2,2012
"351","Uts_16A_073","Adult",2016,"adult",49,49,49,2,2010
"352","Uts_16A_074","Adult",2016,"adult",51,51,51,2,2011
"353","Uts_16A_076","Adult",2016,"adult",1,NA,1,2,2012
"354","Uts_16A_078","Adult",2016,"adult",3,3,3,2,2012
"355","Uts_16A_079","Adult",2016,"adult",18,18,18,2,2011
"356","Uts_16A_080","Adult",2016,"adult",3,1,3,2,2012
"357","Uts_16A_081","Adult",2016,"adult",24,24,24,2,2012
"358","Uts_16A_082","Adult",2016,"adult",23,23,23,2,2012
"359","Uts_16A_083","Adult",2016,"adult",2,2,2,2,2012
"360","Uts_16A_084","Adult",2016,"adult",23,23,23,2,2012
"361","Uts_16A_086","Adult",2016,"adult",2,2,2,2,2012
"362","Uts_16A_087","Adult",2016,"adult",136,136,136,2,2010
"363","Uts_16A_090","Adult",2016,"adult",2,2,2,2,2012
"364","Uts_16A_092","Adult",2016,"adult",2,2,2,2,2011
"365","Uts_16A_093","Adult",2016,"adult",3,1,3,2,2012
"366","Uts_16A_100","Adult",2016,"adult",91,90,91,2,2012
"367","Uts_16A_101","Adult",2016,"adult",181,182,182,2,2010
"368","Uts_16A_103","Adult",2016,"adult",8,8,8,2,2011
"369","Uts_16A_104","Adult",2016,"adult",17,20,18,2,2012
"370","Uts_16A_107","Adult",2016,"adult",2,2,2,2,2012
"371","Uts_16A_110","Adult",2016,"adult",2,2,2,2,2012
"372","Uts_16A_111","Adult",2016,"adult",101,101,101,2,2008
"373","Uts_16A_113","Adult",2016,"adult",43,44,44,2,2011
"374","Uts_16A_114","Adult",2016,"adult",58,58,58,2,2010
"375","Uts_17_0y_0066","Offspring",2017,"0y",1,NA,1,2,2017
"376","Uts_17_0y_0086","Offspring",2017,"0y",1,NA,1,2,2017
"377","Uts_17_0y_0378","Offspring",2017,"0y",1,NA,NA,2,2017
"378","Uts_17_0y_0773","Offspring",2017,"0y",1,NA,1,2,2017
"379","Uts_17_0y_1005","Offspring",2017,"0y",1,NA,1,2,2017
"380","Uts_17_0y_1718","Offspring",2017,"0y",1,NA,1,2,2017
"381","Uts_17_0y_2141","Offspring",2017,"0y",1,NA,1,2,2017
"382","Uts_17_0y_2174","Offspring",2017,"0y",1,NA,1,2,2017
"383","Uts_17_0y_2582","Offspring",2017,"0y",1,NA,1,2,2017
"384","Uts_17_0y_2636","Offspring",2017,"0y",1,NA,NA,2,2017
"385","Uts_17_1y_0806","Offspring",2017,"1y",1,NA,NA,2,2016
"386","Uts_17_1y_1156","Offspring",2017,"1y",1,NA,1,2,2016
"387","Uts_17_3y_0656","Offspring",2017,"3y",1,NA,NA,2,2014
"388","Uts_17A_001","Adult",2017,"adult",15,15,15,2,2012
"389","Uts_17A_003","Adult",2017,"adult",2,2,2,2,2013
"390","Uts_17A_004","Adult",2017,"adult",42,42,42,2,2012
"391","Uts_17A_006","Adult",2017,"adult",6,6,6,2,2013
"392","Uts_17A_009","Adult",2017,"adult",5,5,5,2,2011
"393","Uts_17A_011","Adult",2017,"adult",109,111,109,2,2011
"394","Uts_17A_013","Adult",2017,"adult",2,2,2,2,2012
"395","Uts_17A_014","Adult",2017,"adult",1,1,1,2,2013
"396","Uts_17A_015","Adult",2017,"adult",41,41,41,2,2010
"397","Uts_17A_016","Adult",2017,"adult",37,37,37,2,2010
"398","Uts_17A_019","Adult",2017,"adult",1,1,1,2,2012
"399","Uts_17A_020","Adult",2017,"adult",4,4,4,2,2013
"400","Uts_17A_021","Adult",2017,"adult",42,42,42,2,2011
"401","Uts_17A_022","Adult",2017,"adult",9,9,9,2,2012
"402","Uts_17A_023","Adult",2017,"adult",40,41,40,2,2012
"403","Uts_17A_027","Adult",2017,"adult",1,1,1,2,2013
"404","Uts_17A_028","Adult",2017,"adult",21,21,21,2,2010
"405","Uts_17A_029","Adult",2017,"adult",9,9,9,2,2012
"406","Uts_17A_030","Adult",2017,"adult",11,11,11,2,2012
"407","Uts_17A_034","Adult",2017,"adult",9,11,9,2,2012
"408","Uts_17A_035","Adult",2017,"adult",23,23,23,2,2007
"409","Uts_17A_036","Adult",2017,"adult",12,12,12,2,2013
"410","Uts_17A_038","Adult",2017,"adult",1,1,1,2,2011
"411","Uts_17A_041","Adult",2017,"adult",4,4,4,2,2011
"412","Uts_17A_042","Adult",2017,"adult",1,1,1,2,2012
"413","Uts_17A_043","Adult",2017,"adult",2,2,2,2,2012
"414","Uts_17A_044","Adult",2017,"adult",27,27,27,2,2010
"415","Uts_17A_048","Adult",2017,"adult",2,2,2,2,2012
"416","Uts_17A_049","Adult",2017,"adult",2,2,2,2,2012
"417","Uts_17A_050","Adult",2017,"adult",18,18,18,2,2011
"418","Uts_17A_051","Adult",2017,"adult",1,1,1,2,2013
"419","Uts_17A_052","Adult",2017,"adult",11,11,11,2,2013
"420","Uts_17A_053","Adult",2017,"adult",26,26,26,2,2011
"421","Uts_17A_054","Adult",2017,"adult",1,1,1,2,2013
"422","Uts_17A_055","Adult",2017,"adult",7,7,7,2,2013
"423","Uts_17A_057","Adult",2017,"adult",61,61,61,2,2012
"424","Uts_17A_058","Adult",2017,"adult",5,5,5,2,2013
"425","Uts_17A_059","Adult",2017,"adult",1,1,1,2,2013
"426","Uts_17A_061","Adult",2017,"adult",6,6,6,2,2011
"427","Uts_17A_062","Adult",2017,"adult",2,2,2,2,2013
"428","Uts_17A_064","Adult",2017,"adult",42,42,42,2,2012
"429","Uts_17A_065","Adult",2017,"adult",1,1,1,2,2012
"430","Uts_17A_067","Adult",2017,"adult",17,17,17,2,2012
"431","Uts_17A_069","Adult",2017,"adult",10,10,10,2,2012
"432","Uts_17A_070","Adult",2017,"adult",11,11,11,2,2012
"433","Uts_17A_071","Adult",2017,"adult",11,10,11,2,2010
"434","Uts_17A_076","Adult",2017,"adult",9,9,9,2,2012
"435","Uts_17A_083","Adult",2017,"adult",5,6,6,2,2012
"436","Uts_17A_084","Adult",2017,"adult",3,3,3,2,2012
"437","Uts_17A_085","Adult",2017,"adult",27,27,27,2,2010
"438","Uts_17A_089","Adult",2017,"adult",14,14,14,2,2013
"439","Uts_17A_097","Adult",2017,"adult",44,44,44,2,2011
"440","Uts_18_0y_1333","Offspring",2018,"0y",1,NA,NA,2,2018
"441","Uts_18_0y_1822","Offspring",2018,"0y",1,NA,NA,2,2018
"442","Uts_18_0y_1899","Offspring",2018,"0y",1,NA,NA,2,2018
"443","Uts_18_1y_1793","Offspring",2018,"1y",1,NA,NA,2,2017
"444","Uts_18_1y_2210","Offspring",2018,"1y",1,NA,1,2,2017
"445","Uts_18_2-3y_1125","Offspring",2018,"2-3y",2,NA,2,2,2016
"446","Uts_18_2-3y_1677","Offspring",2018,"2-3y",1,NA,1,2,2016
"447","Uts_18_2-3y_1816","Offspring",2018,"2-3y",1,NA,NA,2,2016
"448","Uts_18_2-3y_1819","Offspring",2018,"2-3y",1,NA,NA,2,2016
"449","Uts_18A_002","Adult",2018,"adult",4,4,4,2,2014
"450","Uts_18A_006","Adult",2018,"adult",4,4,4,2,2014
"451","Uts_18A_007","Adult",2018,"adult",2,2,2,2,2013
"452","Uts_18A_008","Adult",2018,"adult",2,2,2,2,2013
"453","Uts_18A_009","Adult",2018,"adult",30,30,30,2,2012
"454","Uts_18A_010","Adult",2018,"adult",1,1,1,2,2014
"455","Uts_18A_012","Adult",2018,"adult",10,10,10,2,2014
"456","Uts_18A_013","Adult",2018,"adult",10,10,10,2,2014
"457","Uts_18A_014","Adult",2018,"adult",4,4,4,2,2013
"458","Uts_18A_015","Adult",2018,"adult",5,5,5,2,2013
"459","Uts_18A_017","Adult",2018,"adult",17,17,17,2,2014
"460","Uts_18A_020","Adult",2018,"adult",5,5,5,2,2014
"461","Uts_18A_022","Adult",2018,"adult",4,NA,4,2,2014
"462","Uts_18A_023","Adult",2018,"adult",8,8,8,2,2014
"463","Uts_18A_024","Adult",2018,"adult",1,1,1,2,2014
"464","Uts_18A_028","Adult",2018,"adult",1,1,1,2,2014
"465","Uts_18A_029","Adult",2018,"adult",3,3,3,2,2012
"466","Uts_18A_032","Adult",2018,"adult",1,1,1,2,2014
"467","Uts_18A_033","Adult",2018,"adult",1,NA,1,2,2014
"468","Uts_18A_034","Adult",2018,"adult",1,1,1,2,2013
"469","Uts_18A_037","Adult",2018,"adult",6,6,6,2,2012
"470","Uts_18A_046","Adult",2018,"adult",29,28,29,2,2014
"471","Uts_18A_047","Adult",2018,"adult",26,26,26,2,2013
"472","Uts_18A_049","Adult",2018,"adult",3,3,3,2,2014
"473","Uts_18A_050","Adult",2018,"adult",5,5,5,2,2014
"474","Uts_18A_052","Adult",2018,"adult",14,13,13,2,2012
"475","Uts_18A_053","Adult",2018,"adult",6,6,6,2,2014
"476","Uts_18A_054","Adult",2018,"adult",4,4,4,2,2012
"477","Uts_18A_055","Adult",2018,"adult",1,1,1,2,2013
"478","Uts_18A_056","Adult",2018,"adult",4,4,4,2,2014
"479","Uts_18A_057","Adult",2018,"adult",14,14,14,2,2013
"480","Uts_18A_058","Adult",2018,"adult",2,NA,NA,2,2013
"481","Uts_18A_059","Adult",2018,"adult",10,10,10,2,2010
"482","Uts_18A_062","Adult",2018,"adult",1,1,1,2,2014
"483","Uts_18A_065","Adult",2018,"adult",1,1,1,2,2013
"484","Uts_18A_066","Adult",2018,"adult",10,10,10,2,2013
"485","Uts_18A_068","Adult",2018,"adult",12,12,12,2,2013
"486","Uts_18A_072","Adult",2018,"adult",10,10,10,2,2013
"487","Uts_18A_073","Adult",2018,"adult",1,NA,NA,2,2013
"488","Uts_18A_078","Adult",2018,"adult",1,1,1,2,2012
"489","Uts_18A_081","Adult",2018,"adult",11,11,11,2,2012
"490","Uts_18A_082","Adult",2018,"adult",12,12,12,2,2014
"491","Uts_18A_090","Adult",2018,"adult",6,6,6,2,2013
"492","Uts_18A_091","Adult",2018,"adult",1,1,1,2,2012
"493","Uts_18A_092","Adult",2018,"adult",1,1,1,2,2013
"494","Uts_18A_101","Adult",2018,"adult",4,4,4,2,2013
"495","Uts_18A_104","Adult",2018,"adult",1,1,1,2,2014
"496","Uts_18A_106","Adult",2018,"adult",5,5,5,2,2012
"497","Uts_18A_107","Adult",2018,"adult",1,1,1,2,2013
"498","Uts_18A_108","Adult",2018,"adult",1,NA,NA,2,2013
"499","Uts_18A_110","Adult",2018,"adult",4,4,4,2,2013
"500","Uts_18A_113","Adult",2018,"adult",2,2,2,2,2014
"501","Uts_18A_115","Adult",2018,"adult",4,4,4,2,2014
"502","Uts_18A_122","Adult",2018,"adult",4,3,3,2,2013
"503","Uts_12_0y_482","Offspring",2012,"0y",NA,NA,1,2,2012
"504","Uts_13_0y_0248","Offspring",2013,"0y",NA,NA,1,2,2013
"505","Uts_13_0y_0556","Offspring",2013,"0y",NA,NA,1,2,2013
"506","Uts_13_0y_0616","Offspring",2013,"0y",NA,NA,1,2,2013
"507","Uts_13_0y_0701","Offspring",2013,"0y",NA,NA,1,2,2013
"508","Uts_13_0y_0704","Offspring",2013,"0y",NA,NA,2,2,2013
"509","Uts_13_0y_0968","Offspring",2013,"0y",NA,NA,1,2,2013
"510","Uts_14_0y_0762","Offspring",2014,"0y",NA,NA,1,2,2014
"511","Uts_14_0y_1454","Offspring",2014,"0y",NA,NA,1,2,2014
"512","Uts_15_0y_0426","Offspring",2015,"0y",NA,NA,1,2,2015
"513","Uts_15_0y_0497","Offspring",2015,"0y",NA,NA,1,2,2015
"514","Uts_15_0y_0740","Offspring",2015,"0y",NA,NA,1,2,2015
"515","Uts_15_0y_0754","Offspring",2015,"0y",NA,NA,1,2,2015
"516","Uts_15_0y_0791","Offspring",2015,"0y",NA,NA,1,2,2015
"517","Uts_16_0y_0595","Offspring",2016,"0y",NA,NA,1,2,2016
"518","Uts_16_0y_1138","Offspring",2016,"0y",NA,NA,1,2,2016
"519","Uts_16_0y_1328","Offspring",2016,"0y",NA,NA,2,2,2016
"520","Uts_16_0y_2138","Offspring",2016,"0y",NA,NA,1,2,2016
"521","Uts_17_0y_0679","Offspring",2017,"0y",NA,NA,1,2,2017
"522","Uts_17_1y_2467","Offspring",2017,"1y",NA,NA,1,2,2016
"523","Uts_12_0y_100","Offspring",2012,"0y",NA,1,NA,2,2012
"524","Uts_12_0y_357","Offspring",2012,"0y",NA,1,NA,2,2012
"525","Uts_12_0y_757","Offspring",2012,"0y",NA,1,NA,2,2012
"526","Uts_13_1y_0334","Offspring",2013,"1y",NA,1,NA,2,2012
"527","Uts_13A_035","Adult",2013,"adult",NA,1,NA,2,2007
"528","Uts_15_0y_1659","Offspring",2015,"0y",NA,1,NA,2,2015
"529","Uts_15_1y_0404","Offspring",2015,"1y",NA,1,NA,2,2014
